Track URI,Track Name,Album Name,Artist Name(s),Release Date,Duration (ms),Popularity,Explicit,Added By,Added At,Genres,Record Label,Danceability,Energy,Key,Loudness,Mode,Speechiness,Acousticness,Instrumentalness,Liveness,Valence,Tempo,Time Signature
spotify:track:6yCysJaY0lFqHnrHvaR4pF,"CONCRETE JUNGLE","THE DEATH OF PEACE OF MIND","Bad Omens",2022-02-25,220495,69,true,bananaslug-10,2024-09-04T15:05:50Z,"metalcore","Sumerian Records",0.552,0.841,1,-5.265,1,0.0402,0.00102,0.00423,0.0697,0.444,91.964,4
spotify:track:4TzGD5Pryq8DTjv5QRuJaW,"Nowhere To Go","THE DEATH OF PEACE OF MIND","Bad Omens",2022-02-25,246774,71,true,bananaslug-10,2024-09-04T15:05:50Z,"metalcore","Sumerian Records",0.419,0.957,7,-3.413,1,0.136,0.000774,0,0.175,0.457,174.094,4
spotify:track:6ERSCeGFBSwvHCvBjwrmwE,"Take Me First","THE DEATH OF PEACE OF MIND","Bad Omens",2022-02-25,199685,65,false,bananaslug-10,2024-09-04T15:05:50Z,"metalcore","Sumerian Records",0.414,0.87,4,-3.908,0,0.0975,0.00118,0.00000926,0.119,0.439,164.249,4
spotify:track:6tRneEcItwpSxBtqgem5Dr,"THE DEATH OF PEACE OF MIND","THE DEATH OF PEACE OF MIND","Bad Omens",2022-02-25,241499,78,true,bananaslug-10,2024-09-04T15:05:50Z,"metalcore","Sumerian Records",0.469,0.713,0,-5.619,0,0.0461,0.0869,0.000188,0.129,0.267,154.994,4
spotify:track:0XL8gRZn7tUoYgq9nLZhjU,"What It Cost","THE DEATH OF PEACE OF MIND","Bad Omens",2022-02-25,103744,61,false,bananaslug-10,2024-09-04T15:05:50Z,"metalcore","Sumerian Records",0.631,0.902,11,-5.706,0,0.081,0.0206,0.0771,0.135,0.39,155.158,4
spotify:track:0xoyUiHhxVH4gwb0CRgNmg,"Like A Villain","THE DEATH OF PEACE OF MIND","Bad Omens",2022-02-25,210685,76,true,bananaslug-10,2024-09-04T15:05:50Z,"metalcore","Sumerian Records",0.456,0.915,7,-4.508,1,0.206,0.000696,0.0000995,0.428,0.403,154.946,4
spotify:track:6nbLpQF1os2DiEW8PDSK1e,"bad decisions","THE DEATH OF PEACE OF MIND","Bad Omens",2022-02-25,261346,64,false,bananaslug-10,2024-09-04T15:05:50Z,"metalcore","Sumerian Records",0.537,0.529,7,-7.741,0,0.0313,0.0849,0.0388,0.118,0.138,90.042,4
spotify:track:1H4Y9uW4N0LsxJUz0VnaPJ,"Just Pretend","THE DEATH OF PEACE OF MIND","Bad Omens",2022-02-25,204676,80,false,bananaslug-10,2024-09-04T15:05:50Z,"metalcore","Sumerian Records",0.457,0.834,5,-4.674,0,0.0817,0.00252,0.00125,0.1,0.201,140.032,4
spotify:track:5oZy9b1lMtREB3cqOPQusD,"The Grey","THE DEATH OF PEACE OF MIND","Bad Omens",2022-02-25,246336,67,false,bananaslug-10,2024-09-04T15:05:50Z,"metalcore","Sumerian Records",0.467,0.915,11,-3.892,0,0.0684,0.000853,0.0000682,0.125,0.51,95.043,4
spotify:track:1Gr0kbo4cgxYmhJa2lZX1a,"Who are you?","THE DEATH OF PEACE OF MIND","Bad Omens",2022-02-25,217349,58,false,bananaslug-10,2024-09-04T15:05:50Z,"metalcore","Sumerian Records",0.59,0.657,9,-7.804,0,0.0401,0.154,0.0363,0.204,0.148,89.995,4
spotify:track:6FghSTlzBr93mtoBzxvz0A,"Somebody else.","THE DEATH OF PEACE OF MIND","Bad Omens",2022-02-25,236730,57,false,bananaslug-10,2024-09-04T15:05:50Z,"metalcore","Sumerian Records",0.636,0.665,1,-5.862,0,0.0775,0.408,0.0295,0.108,0.163,89.969,4
spotify:track:0GRvh5JoEwVel4qDsbqmNb,"IDWT$","THE DEATH OF PEACE OF MIND","Bad Omens",2022-02-25,202952,60,false,bananaslug-10,2024-09-04T15:05:50Z,"metalcore","Sumerian Records",0.541,0.887,5,-5.013,0,0.0845,0.00354,0.000266,0.129,0.538,109.995,4
spotify:track:5vf08i7oQHGPKFAkSxJBcv,"What do you want from me?","THE DEATH OF PEACE OF MIND","Bad Omens",2022-02-25,175845,58,false,bananaslug-10,2024-09-04T15:05:50Z,"metalcore","Sumerian Records",0.579,0.887,2,-5.149,1,0.0505,0.00504,0.551,0.0959,0.234,111.989,4
spotify:track:2Qv8xJzenocwXyGlMU5PaC,"ARTIFICIAL SUICIDE","THE DEATH OF PEACE OF MIND","Bad Omens",2022-02-25,195000,69,true,bananaslug-10,2024-09-04T15:05:50Z,"metalcore","Sumerian Records",0.562,0.897,9,-4.79,1,0.195,0.000251,0.000229,0.237,0.283,95.02,4
spotify:track:6zmpNKzUeuldTRYbVZwnrq,"Miracle","THE DEATH OF PEACE OF MIND","Bad Omens",2022-02-25,225000,59,true,bananaslug-10,2024-09-04T15:05:50Z,"metalcore","Sumerian Records",0.518,0.652,5,-6.655,0,0.0579,0.0352,0.0487,0.202,0.246,180.036,3
spotify:track:1SJYdl77lXLeonhgh7oLCj,"Careful What You Wish For","Finding God Before God Finds Me (Deluxe)","Bad Omens",2020-01-17,272800,47,false,bananaslug-10,2024-09-04T15:06:45Z,"metalcore","Sumerian Records",0.398,0.964,4,-3.738,0,0.175,0.0194,0,0.251,0.116,145.039,4
spotify:track:2ksX5zRjTmSrQYOGT1muDS,"The Hell I Overcame","Finding God Before God Finds Me (Deluxe)","Bad Omens",2020-01-17,214399,45,true,bananaslug-10,2024-09-04T15:06:45Z,"metalcore","Sumerian Records",0.391,0.975,1,-4.291,1,0.106,0.0000264,0,0.0927,0.253,74.999,4
spotify:track:4hC5UUtFEeUKOMekhdepEp,"Dethrone","Finding God Before God Finds Me (Deluxe)","Bad Omens",2020-01-17,209134,51,true,bananaslug-10,2024-09-04T15:06:45Z,"metalcore","Sumerian Records",0.283,0.935,6,-4.56,1,0.142,0.0000159,0.0057,0.073,0.419,111.884,3
spotify:track:1g0ryGOD6nwjko5orc8xyM,"Blood","Finding God Before God Finds Me (Deluxe)","Bad Omens",2020-01-17,230666,49,true,bananaslug-10,2024-09-04T15:06:45Z,"metalcore","Sumerian Records",0.423,0.982,3,-2.965,0,0.152,0.000922,0,0.355,0.42,159.928,4
spotify:track:2JN6kveQqiHcBXlxN7UUpo,"Mercy","Finding God Before God Finds Me (Deluxe)","Bad Omens",2020-01-17,317000,45,true,bananaslug-10,2024-09-04T15:06:45Z,"metalcore","Sumerian Records",0.186,0.985,2,-4.183,1,0.427,0.000212,0,0.0667,0.202,81.607,4
spotify:track:1CMwAFIWUtSi3PCzJJrQHj,"Said & Done","Finding God Before God Finds Me (Deluxe)","Bad Omens",2020-01-17,204866,45,false,bananaslug-10,2024-09-04T15:06:45Z,"metalcore","Sumerian Records",0.517,0.918,9,-3.763,0,0.0955,0.0039,0,0.0847,0.334,134.977,4
spotify:track:32QCuFXkNIIqtcVUPOAvn9,"Burning Out","Finding God Before God Finds Me (Deluxe)","Bad Omens",2020-01-17,265400,45,false,bananaslug-10,2024-09-04T15:06:45Z,"metalcore","Sumerian Records",0.451,0.977,5,-3.282,0,0.161,0.00312,0,0.377,0.28,167.933,4
spotify:track:2K1ENoIs1y6M5nFdJhLpvU,"Never Know","Finding God Before God Finds Me (Deluxe)","Bad Omens",2020-01-17,213851,66,false,bananaslug-10,2024-09-04T15:06:45Z,"metalcore","Sumerian Records",0.381,0.921,4,-4.212,0,0.511,0.00134,0.0000297,0.0814,0.129,151.769,4
spotify:track:1u3OxJiXoYFdA0Fmd9yURC,"Limits","Finding God Before God Finds Me (Deluxe)","Bad Omens",2020-01-17,207854,70,false,bananaslug-10,2024-09-04T15:06:45Z,"metalcore","Sumerian Records",0.312,0.968,5,-3.316,1,0.418,0.000305,0.0000437,0.113,0.3,103.005,4
spotify:track:4ztGu78QFB9Syh7JcS09XR,"Come Undone","Finding God Before God Finds Me (Deluxe)","Bad Omens",2020-01-17,261398,56,false,bananaslug-10,2024-09-04T15:06:45Z,"metalcore","Sumerian Records",0.492,0.916,8,-4.203,1,0.0446,0.000498,0.00754,0.149,0.42,174.054,4
spotify:track:2WtFbotxC95UD2r1RzE036,"V.A.N","CONCRETE JUNGLE [THE OST]","Bad Omens,Poppy",2024-05-31,274098,68,false,bananaslug-10,2024-09-04T15:09:43Z,"metalcore","Sumerian Records",0.636,0.828,7,-5.321,1,0.071,0.000423,0.206,0.374,0.297,102.52,4
spotify:track:3uPeVmESTdC6w3yoyXY7yo,"EVEN","CONCRETE JUNGLE [THE OST]","Bad Omens",2024-05-31,178235,55,false,bananaslug-10,2024-09-25T15:59:57Z,"metalcore","Sumerian Records",0.688,0.448,6,-10.876,0,0.0368,0.0836,0.00234,0.0696,0.176,95.973,4
spotify:track:7I50EtrBjzjZmHwLj7BeFl,"ANYTHING > HUMAN","CONCRETE JUNGLE [THE OST]","Bad Omens,ERRA",2024-05-31,235092,65,false,bananaslug-10,2024-09-04T15:08:32Z,"metalcore,djent,progressive metal,metal,deathcore,post-hardcore","Sumerian Records",0.465,0.886,7,-4.314,1,0.0903,0.000336,0.00042,0.714,0.409,86.534,4
spotify:track:5N7hxXye8OQSX7EdyLfaEk,"V.A.N [LIVE 2024]","CONCRETE JUNGLE [THE OST]","Bad Omens,Poppy",2024-05-31,218752,46,false,bananaslug-10,2024-09-07T01:45:09Z,"metalcore","Sumerian Records",0.583,0.831,1,-6.637,1,0.0642,0.000358,0.102,0.702,0.215,102.545,4
spotify:track:11rbLzecq6FSgwGSUF8tHA,"LIKE A VILLAIN [LIVE 2024]","CONCRETE JUNGLE [THE OST]","Bad Omens",2024-05-31,250000,42,true,bananaslug-10,2024-09-17T05:46:47Z,"metalcore","Sumerian Records",0.464,0.941,4,-5.005,0,0.091,0.000853,0.00124,0.72,0.201,154.891,4
spotify:track:25qmm4JIi2JYsQBQ9Fm43B,"THE DRAIN","CONCRETE JUNGLE [THE OST]","Bad Omens,HEALTH,SWARM",2024-05-31,225701,63,false,bananaslug-10,2024-09-25T15:59:57Z,"metalcore,noise rock,witch house,industrial,deathstep","Sumerian Records",0.556,0.849,0,-4.24,0,0.033,0.000309,0.043,0.111,0.0696,99.999,4
spotify:track:2lWF9ufR8vOOXUwDslbKkQ,"TERMS & CONDITIONS","CONCRETE JUNGLE [THE OST]","Bad Omens,Bob Vylan",2024-05-31,127601,51,false,bananaslug-10,2024-09-25T15:59:57Z,"metalcore","Sumerian Records",0.79,0.896,6,-4.861,0,0.194,0.00124,0.0000105,0.439,0.303,100.031,4
spotify:track:1XwE6abXTCVCoG3Go3DteI,"NERVOUS SYSTEM","CONCRETE JUNGLE [THE OST]","Bad Omens,iRis.EXE",2024-05-31,200610,52,false,bananaslug-10,2024-09-25T15:59:57Z,"metalcore","Sumerian Records",0.631,0.872,2,-4.64,1,0.0501,0.00158,0.0588,0.167,0.432,130.017,4
spotify:track:5isGPubntLfwqe1C8FYyrQ,"Glass Houses","Bad Omens","Bad Omens",2016-08-19,240898,63,true,bananaslug-10,2024-09-04T15:07:01Z,"metalcore","Sumerian Records",0.482,0.971,6,-3.191,1,0.155,0.0000898,0,0.218,0.168,114.97,4
spotify:track:57NTNluLyUYl3kvaISYeJB,"Exit Wounds","Bad Omens","Bad Omens",2016-08-19,206290,56,true,bananaslug-10,2024-09-04T15:07:01Z,"metalcore","Sumerian Records",0.336,0.991,5,-2.114,0,0.132,0.00000969,0.00000126,0.603,0.225,189.93,4
spotify:track:5IsSDMqDi2YmLjfx5jGDsW,"The Worst In Me","Bad Omens","Bad Omens",2016-08-19,229209,68,true,bananaslug-10,2024-09-04T15:07:01Z,"metalcore","Sumerian Records",0.43,0.945,11,-2.662,0,0.102,0.0011,0.000054,0.311,0.276,170.052,4
spotify:track:4byiDYdMFKf8KrPgJkOEdH,"Enough Enough Now","Bad Omens","Bad Omens",2016-08-19,245285,55,true,bananaslug-10,2024-09-04T15:07:01Z,"metalcore","Sumerian Records",0.516,0.58,3,-5.663,0,0.0423,0.155,0.0069,0.136,0.149,144.937,4
spotify:track:6wj9ubbsF8hjyGH0sSqjz6,"Hedonist","Bad Omens","Bad Omens",2016-08-19,127498,49,true,bananaslug-10,2024-09-04T15:07:01Z,"metalcore","Sumerian Records",0.45,0.995,9,-3.023,0,0.247,0.000199,0,0.154,0.42,169.974,4
spotify:track:6BqPLkY2NHI2YrJ5OLceDT,"Crawl","Bad Omens","Bad Omens",2016-08-19,247401,45,true,bananaslug-10,2024-09-04T15:07:01Z,"metalcore","Sumerian Records",0.426,0.616,2,-8.062,0,0.0466,0.0944,0.0374,0.0962,0.108,135.03,4
spotify:track:6denKFnByEuPrXVMVg2dUH,"Reprise (The Sound Of The End)","Bad Omens","Bad Omens",2016-08-19,201970,52,true,bananaslug-10,2024-09-25T15:59:05Z,"metalcore","Sumerian Records",0.51,0.972,11,-2.972,0,0.0751,0.0000481,0,0.384,0.459,139.978,4
spotify:track:5mMGStJz95K7ksdVE84u1c,"Dethrone - Live","LIVE","Bad Omens",2021-07-22,238400,39,true,bananaslug-10,2024-09-07T02:47:03Z,"metalcore","Sumerian Records",0.237,0.878,6,-7.97,1,0.181,0.000895,0.0481,0.128,0.209,108.419,3
spotify:track:5c8OaghOJko2QdoBfmglum,"Never Know - Live","LIVE","Bad Omens",2021-07-22,211578,34,false,bananaslug-10,2024-09-07T02:53:34Z,"metalcore","Sumerian Records",0.367,0.788,4,-7.095,0,0.075,0.000474,0,0.072,0.137,76.023,4
spotify:track:0z7RgWO4AX0p5rXbj108ii,"Limits - Live","LIVE","Bad Omens",2021-07-22,240291,34,false,bananaslug-10,2024-09-07T02:58:43Z,"metalcore","Sumerian Records",0.486,0.745,2,-6.936,0,0.0497,0.000522,0.0000085,0.105,0.213,102.978,4
spotify:track:6AuRBPguXl9cU2C1cy681j,"Glass Houses - Live","LIVE","Bad Omens",2021-07-22,253565,34,true,bananaslug-10,2024-09-08T07:40:56Z,"metalcore","Sumerian Records",0.243,0.872,6,-7.066,1,0.148,0.000058,0,0.0769,0.175,115.034,4
spotify:track:58iQlJBDQ7Uk53MrNnOtjm,"The Worst In Me - Live","LIVE","Bad Omens",2021-07-22,262941,33,false,bananaslug-10,2024-09-08T07:40:56Z,"metalcore","Sumerian Records",0.45,0.7,10,-6.985,0,0.0601,0.000429,0.0000303,0.119,0.372,84.99,4
spotify:track:7fpGDC0es4izVCe18JZIbj,"Careful What You Wish For - Live","LIVE","Bad Omens",2021-07-22,337576,33,false,bananaslug-10,2024-09-08T07:40:56Z,"metalcore","Sumerian Records",0.252,0.692,4,-6.959,0,0.0553,0.00161,0.0000702,0.161,0.101,145.044,4
spotify:track:73FNthk3O6gkvWjUR0z9le,"Mercy - Live","LIVE","Bad Omens",2021-07-22,352588,32,true,bananaslug-10,2024-09-08T07:40:56Z,"metalcore","Sumerian Records",0.139,0.895,6,-7.102,0,0.301,0.0000691,0.00000119,0.0703,0.198,84.588,4
spotify:track:1Uifdytv882RtTn6Gr4xAA,"Chokehold","Take Me Back To Eden","Sleep Token",2023-05-19,304023,75,false,bananaslug-10,2024-09-04T15:07:40Z,"progressive metal,metalcore","Spinefarm",0.18,0.73,0,-5.597,1,0.0581,0.0112,0.0000458,0.101,0.169,73.588,5
spotify:track:0S38Oso3I9vpDXcTb7kYt9,"The Summoning","Take Me Back To Eden","Sleep Token",2023-05-19,395716,78,false,bananaslug-10,2024-09-04T15:07:40Z,"progressive metal,metalcore","Spinefarm",0.395,0.701,10,-5.471,0,0.0377,0.00148,0.0049,0.05,0.148,172.965,4
spotify:track:4mxiv6HQfhqgIuN5iOONQd,"Granite","Take Me Back To Eden","Sleep Token",2023-05-19,225426,76,false,bananaslug-10,2024-09-04T15:07:40Z,"progressive metal,metalcore","Spinefarm",0.635,0.624,2,-7.104,1,0.0304,0.0022,0.0455,0.188,0.336,119.97,4
spotify:track:5ub6Cb5yKmgGGwjvqZM1gI,"Aqua Regia","Take Me Back To Eden","Sleep Token",2023-05-19,236020,73,false,bananaslug-10,2024-09-04T15:07:40Z,"progressive metal,metalcore","Spinefarm",0.635,0.461,6,-9.46,0,0.0328,0.169,0.00000424,0.0829,0.145,126.044,4
spotify:track:2Z1eWq9VOXkCzUmcU6uoNe,"Ascensionism","Take Me Back To Eden","Sleep Token",2023-05-19,428713,72,false,bananaslug-10,2024-09-04T15:07:40Z,"progressive metal,metalcore","Spinefarm",0.549,0.544,0,-7.929,0,0.0379,0.0736,0.00121,0.145,0.0834,117.029,3
spotify:track:21eMasL93nEafqRwlI851z,"The Apparition","Take Me Back To Eden","Sleep Token",2023-05-19,268159,75,false,bananaslug-10,2024-09-04T15:07:40Z,"progressive metal,metalcore","Spinefarm",0.452,0.687,1,-6.939,0,0.0456,0.0112,0.0000641,0.294,0.215,137.98,4
spotify:track:5vJIVr0ZYo8DFbfSOY4Goa,"Vore","Take Me Back To Eden","Sleep Token",2023-05-19,339606,69,false,bananaslug-10,2025-05-10T07:18:45Z,"progressive metal,metalcore","Spinefarm",0.342,0.938,11,-5.194,0,0.0808,0.000313,0.0181,0.348,0.154,151.965,4
spotify:track:0GXwlEXCO8qeeeOIYpsR3m,"Rain","Take Me Back To Eden","Sleep Token",2023-05-19,252158,77,false,bananaslug-10,2024-09-04T15:07:40Z,"progressive metal,metalcore","Spinefarm",0.481,0.79,4,-7.133,0,0.0714,0.014,0.00000498,0.708,0.198,145.94,4
spotify:track:2Gt7fjNlx901pPRkvBiNBZ,"Take Me Back To Eden","Take Me Back To Eden","Sleep Token",2023-05-19,500116,77,false,bananaslug-10,2024-09-04T15:07:40Z,"progressive metal,metalcore","Spinefarm",0.511,0.625,3,-7.911,0,0.0494,0.0504,0.00011,0.311,0.107,118.064,4
spotify:track:0asMwoxaKllA4Cm791LGOW,"Atlantic","This Place Will Become Your Tomb","Sleep Token",2021-09-24,293000,69,false,bananaslug-10,2024-09-04T15:07:54Z,"progressive metal,metalcore","Spinefarm",0.492,0.392,10,-10.414,0,0.0327,0.431,0.000362,0.127,0.403,135.005,4
spotify:track:2UH4BOPtTsRVQBy7abPdat,"Hypnosis","This Place Will Become Your Tomb","Sleep Token",2021-09-24,335960,71,false,bananaslug-10,2024-09-04T15:07:54Z,"progressive metal,metalcore","Spinefarm",0.466,0.936,10,-7.199,0,0.0678,0.00276,0.0186,0.105,0.376,148.028,4
spotify:track:3mkxroy1t6J9HGywwjjE5a,"Mine","This Place Will Become Your Tomb","Sleep Token",2021-09-24,296533,68,false,bananaslug-10,2024-09-04T15:07:54Z,"progressive metal,metalcore","Spinefarm",0.533,0.45,10,-8.676,1,0.0334,0.18,0.0000234,0.0793,0.222,137.928,3
spotify:track:15cTEbiZNdgBr22kefKehi,"Like That","This Place Will Become Your Tomb","Sleep Token",2021-09-24,214906,64,false,bananaslug-10,2024-09-04T15:07:54Z,"progressive metal,metalcore","Spinefarm",0.52,0.516,11,-8.909,0,0.0597,0.00601,0.000747,0.457,0.547,148.078,4
spotify:track:4lVVewXw4g8hB7sldQyJiL,"The Love You Want","This Place Will Become Your Tomb","Sleep Token",2021-09-24,263320,69,false,bananaslug-10,2024-09-04T15:07:54Z,"progressive metal,metalcore","Spinefarm",0.533,0.545,8,-9.246,1,0.0413,0.192,0.000866,0.16,0.419,81.981,4
spotify:track:0B4YX3OMtZSmPm9KpiZKl2,"Alkaline","This Place Will Become Your Tomb","Sleep Token",2021-09-24,214106,76,false,bananaslug-10,2024-09-04T15:07:54Z,"progressive metal,metalcore","Spinefarm",0.488,0.82,3,-8.298,0,0.151,0.00999,0.000067,0.108,0.0486,148.068,4
spotify:track:53oDKpNb7Dul7sINdxaiNa,"Distraction","This Place Will Become Your Tomb","Sleep Token",2021-09-24,262413,63,false,bananaslug-10,2024-09-04T15:07:54Z,"progressive metal,metalcore","Spinefarm",0.573,0.459,10,-12.058,0,0.0346,0.42,0.00443,0.0894,0.179,121.972,4
spotify:track:2m0fQ8Rw63mN8IB69EJGrI,"Descending","This Place Will Become Your Tomb","Sleep Token",2021-09-24,278106,64,false,bananaslug-10,2024-09-04T15:07:54Z,"progressive metal,metalcore","Spinefarm",0.569,0.452,0,-11.995,0,0.0396,0.19,0.39,0.11,0.168,145.03,4
spotify:track:4U28UF9YG2JUfUxkFERt4v,"Telomeres","This Place Will Become Your Tomb","Sleep Token",2021-09-24,307480,63,false,bananaslug-10,2024-09-04T15:07:54Z,"progressive metal,metalcore","Spinefarm",0.495,0.665,11,-8.731,1,0.0393,0.00971,0.00235,0.366,0.253,143.043,4
spotify:track:4wH1pXy6wTxvUnRmWaHWaP,"High Water","This Place Will Become Your Tomb","Sleep Token",2021-09-24,313280,64,false,bananaslug-10,2024-09-04T15:07:54Z,"progressive metal,metalcore","Spinefarm",0.55,0.775,8,-8.068,0,0.0614,0.0422,0.000608,0.337,0.503,122.056,4
spotify:track:2S53xe3CB5RgDELKeU97g0,"Nazareth","Two","Sleep Token",2017-07-21,336840,68,true,bananaslug-10,2024-09-04T15:08:02Z,"progressive metal,metalcore","Sleep Token",0.433,0.577,1,-10.058,1,0.0379,0.126,0.284,0.103,0.0915,114.148,4
spotify:track:2IyWlElJTmFtA2bhxTgqYU,"Savages","Shame On Me","Catch Your Breath",2023-10-20,217503,54,false,bananaslug-10,2024-09-04T15:10:57Z,"metalcore","Thriller Records",0.512,0.891,11,-5.68,0,0.0791,0.00302,0,0.111,0.291,94.939,4
spotify:track:07SNyTzawbbC81CQivr2N0,"Dial Tone","Shame On Me","Catch Your Breath",2023-10-20,200495,75,false,bananaslug-10,2024-09-04T15:08:43Z,"metalcore","Thriller Records",0.507,0.816,4,-5.419,0,0.0436,0.00118,0,0.0972,0.239,91.068,4
spotify:track:51fPVsUqAKtkAc1Tbyv3NC,"Mirror","Shame On Me","Catch Your Breath,Ekoh",2023-10-20,171935,55,true,bananaslug-10,2024-09-04T15:08:43Z,"metalcore","Thriller Records",0.542,0.932,9,-4.599,0,0.195,0.0107,0,0.348,0.307,110.023,4
spotify:track:6S2iHbyPSlhQgCyAVQ2SO6,"Shame On Me","Shame On Me","Catch Your Breath",2023-10-20,201723,72,false,bananaslug-10,2024-09-04T15:08:43Z,"metalcore","Thriller Records",0.383,0.906,4,-4.836,0,0.0848,0.000264,0.000278,0.203,0.183,174.008,4
spotify:track:20Ov4hI7Z5xh9NkLMMf0db,"21 Gun Salute","Shame On Me","Catch Your Breath",2023-10-20,226240,68,false,bananaslug-10,2024-09-04T15:08:43Z,"metalcore","Thriller Records",0.393,0.882,4,-4.937,0,0.076,0.000804,0,0.676,0.184,142.651,4
spotify:track:05rltlVmAfXcbVhqmOoIeJ,"Y.S.K.W.","Shame On Me","Catch Your Breath",2023-10-20,211956,61,true,bananaslug-10,2024-09-04T15:08:43Z,"metalcore","Thriller Records",0.511,0.9,10,-4.393,0,0.0711,0.00655,0,0.14,0.478,127.865,4
spotify:track:1QAsdEjDKQHvOhlx0r8Z6t,"My Confessions","Shame On Me","Catch Your Breath",2023-10-20,172054,44,false,bananaslug-10,2024-09-04T15:08:43Z,"metalcore","Thriller Records",0.412,0.775,11,-5.218,0,0.0459,0.0468,0,0.152,0.207,112.097,4
spotify:track:0KMhoHHFlTbYooB5GZSyTx,"Deadly","Shame On Me","Catch Your Breath",2023-10-20,183241,55,false,bananaslug-10,2024-09-04T15:11:38Z,"metalcore","Thriller Records",0.544,0.874,8,-4.697,1,0.0555,0.000687,0,0.352,0.359,130.016,4
spotify:track:2hEgrU7RGwd8SfgJz4Igyp,"Cycles","Shame On Me","Catch Your Breath",2023-10-20,222623,45,false,bananaslug-10,2024-09-04T15:11:38Z,"metalcore","Thriller Records",0.512,0.946,11,-3.391,0,0.073,0.0000221,0.0000125,0.0885,0.26,110.03,4
spotify:track:1zc4HKQ4XapuY2LrPLGrzg,"Dying on the Inside","Shame On Me","Catch Your Breath",2023-10-20,204816,49,true,bananaslug-10,2024-09-04T15:11:38Z,"metalcore","Thriller Records",0.438,0.965,11,-4.25,0,0.103,0.0027,0,0.128,0.39,163.967,4
spotify:track:7mczLeiFeYKRb7vtiPjuMb,"DArkSide","POST HUMAN: NeX GEn","Bring Me The Horizon",2024-05-24,165357,73,true,bananaslug-10,2024-09-04T15:08:54Z,"metalcore,emo,screamo,rock,post-hardcore","RCA Records Label",0.365,0.951,7,-3.034,1,0.181,0.000591,0.00000107,0.716,0.441,83.812,4
spotify:track:0hpWmAB3L0OJ3VBeMkOQUu,"Kool-Aid","POST HUMAN: NeX GEn","Bring Me The Horizon",2024-05-24,228470,71,true,bananaslug-10,2024-09-04T15:08:54Z,"metalcore,emo,screamo,rock,post-hardcore","RCA Records Label",0.308,0.943,5,-3.436,0,0.194,0.000201,0.00000137,0.649,0.287,149.758,4
spotify:track:0M3adYbGtyRHACP86dey1H,"Throne","That's The Spirit","Bring Me The Horizon",2015-09-11,191520,80,false,bananaslug-10,2024-09-07T06:47:56Z,"metalcore,emo,screamo,rock,post-hardcore","RCA Records Label",0.426,0.888,0,-3.72,0,0.0987,0.000455,0,0.306,0.387,144.111,4
spotify:track:0WSa1sucoNRcEeULlZVQXj,"Can You Feel My Heart","Sempiternal (Expanded Edition)","Bring Me The Horizon",2013-04-01,228146,80,true,bananaslug-10,2024-09-25T16:00:55Z,"metalcore,emo,screamo,rock,post-hardcore","RCA Records Label",0.15,0.859,4,-2.827,0,0.0595,0.00201,0.194,0.387,0.354,170.527,5
spotify:track:27C5LnNArKlYH0dF2CONst,"Riptide","Riptide","South Arcade",2024-04-05,179575,57,false,bananaslug-10,2024-09-04T15:12:37Z,"","Lab Records",0.402,0.945,0,-5.15,0,0.0847,0.00512,0,0.29,0.672,154.965,4
spotify:track:4JJpEYYamr363Kbc4zdw1h,"Novocaine","For Keeps","Too Close To Touch,Bad Omens",2024-03-08,295775,57,false,bananaslug-10,2024-09-04T15:13:24Z,"post-hardcore,metalcore","Epitaph",0.421,0.895,4,-4.663,0,0.107,0.00138,0.0000133,0.0923,0.102,145.072,4
spotify:track:09xhBaGi1uMBKo9zphWkd2,"Control","For Keeps","Too Close To Touch",2024-03-08,240767,47,false,bananaslug-10,2024-09-04T15:08:54Z,"post-hardcore,metalcore","Epitaph",0.297,0.825,8,-4.997,1,0.26,0.00547,0.000034,0.124,0.334,182.06,4
spotify:track:7zG4PPlKI37DDWzjzwRF3Y,"Disappear","For Keeps","Too Close To Touch",2024-03-08,242863,41,false,bananaslug-10,2024-10-04T17:38:34Z,"post-hardcore,metalcore","Epitaph",0.302,0.97,5,-3.51,1,0.512,0.00045,0,0.382,0.357,172.083,4
spotify:track:5evrhIjC3TWixy79nTaS0Z,"They Don’t Even Know","For Keeps","Too Close To Touch",2024-03-08,197760,29,false,bananaslug-10,2024-10-04T17:56:12Z,"post-hardcore,metalcore","Epitaph",0.329,0.89,2,-5.548,1,0.123,0.000373,0.000203,0.459,0.453,94.384,4
spotify:track:1s4Nc5XFspnFHEHLv92gak,"Sympathy","Haven't Been Myself","Too Close To Touch",2016-09-23,216120,62,false,bananaslug-10,2024-09-04T15:08:54Z,"post-hardcore,metalcore","Epitaph",0.382,0.799,6,-3.676,0,0.0607,0.00112,0.0000454,0.138,0.244,140.059,4
spotify:track:4xDwCYhobDehSBGUmd5H6Y,"FEEL NOTHING","DISPOSE","The Plot In You",2018-02-16,216826,73,true,bananaslug-10,2024-09-04T15:08:54Z,"metalcore","Fearless Records",0.448,0.825,4,-5.307,0,0.0621,0.00353,0,0.108,0.226,144.17,4
spotify:track:2ciYYljvXw3vJdWi6hkEfS,"Divide","Vol. 1","The Plot In You",2024-01-12,208834,67,true,bananaslug-10,2024-09-04T15:08:54Z,"metalcore","Fearless Records",0.45,0.971,1,-3.892,1,0.32,0.00034,0.000555,0.317,0.488,150,4
spotify:track:0ZZCltcOacjI1kY4BnVDjt,"Forgotten","Vol. 1","The Plot In You",2024-01-12,175249,69,true,bananaslug-10,2025-07-01T06:35:51Z,"metalcore","Fearless Records",0.565,0.931,10,-4.88,0,0.181,0.000242,0.00105,0.144,0.43,100.045,4
spotify:track:556JR8TWeOKA0OH9MJKb6B,"THE ONE YOU LOVED","DISPOSE","The Plot In You",2018-02-16,205560,64,true,bananaslug-10,2024-09-23T16:42:53Z,"metalcore","Fearless Records",0.553,0.859,6,-5.131,0,0.0468,0.00139,0.00000108,0.127,0.459,99.891,4
spotify:track:1EusMjYm7PZftlZn87vPWE,"Medicate Me","Medicate Me","Rain City Drive,Dayseeker",2024-04-26,167454,57,false,bananaslug-10,2024-09-30T04:37:45Z,"post-hardcore,metalcore","Thriller Records",0.526,0.928,6,-3.978,0,0.166,0.0024,0,0.344,0.469,109.929,4
spotify:track:60No1rVevpihXdUMgUoIf4,"Frozen","Frozen","Rain City Drive",2023-09-22,213504,43,false,bananaslug-10,2024-09-30T04:38:21Z,"post-hardcore,metalcore","Thriller Records",0.397,0.942,8,-2.5,0,0.153,0.00113,0,0.322,0.464,156.074,4
spotify:track:6vgeVoI1aqygSvlhqqs2Tn,"Blood Runs Cold","Rain City Drive","Rain City Drive",2022-07-15,192489,62,false,bananaslug-10,2024-10-30T17:55:01Z,"post-hardcore,metalcore","Thriller Records",0.397,0.934,1,-3.157,0,0.0646,0.000216,0,0.0761,0.42,160.186,4
spotify:track:5P2OmA8IdnZJaAmeCMJR7H,"Lose My Composure","Things Are Different Now","Rain City Drive",2024-09-27,187856,44,false,bananaslug-10,2024-10-04T18:01:21Z,"post-hardcore,metalcore","Thriller Records",0.357,0.943,7,-3.679,1,0.152,0.000506,0.000873,0.367,0.538,160.506,4
spotify:track:1MtgVw093BemZtwbDZyHqj,"Wish You The Best","Things Are Different Now","Rain City Drive",2024-09-27,174428,56,false,bananaslug-10,2024-10-04T18:03:59Z,"post-hardcore,metalcore","Thriller Records",0.59,0.836,11,-3.728,0,0.0541,0.000572,0,0.216,0.662,127.023,4
spotify:track:1nxbn0COjeyH7MQZ27T3CR,"Glass Heart","Lost Souls","Caskets",2021-08-13,224421,68,false,bananaslug-10,2024-09-04T15:09:01Z,"metalcore,post-hardcore","SHARPTONE",0.412,0.958,6,-5.432,0,0.0997,0.000225,0.0000471,0.119,0.341,164.072,4
spotify:track:3b0iJZyBfRnTDpViV6hUAe,"The Only Ones","Lost Souls","Caskets",2021-08-13,300984,53,false,bananaslug-10,2024-09-04T15:09:01Z,"metalcore,post-hardcore","SHARPTONE",0.452,0.901,7,-6.533,0,0.0582,0.00335,0.00000857,0.122,0.123,105.937,4
spotify:track:37QT8fENZDrBCZZSR2NxHE,"The Final Say","Lost Souls","Caskets",2021-08-13,270672,50,false,bananaslug-10,2024-09-04T15:09:01Z,"metalcore,post-hardcore","SHARPTONE",0.304,0.889,5,-6.086,0,0.0895,0.00989,0,0.115,0.263,130.008,4
spotify:track:1XlKHZ3SkYa7Ea0fQBpjHv,"Nothing to Hide","Lost Souls","Caskets",2021-08-13,259528,54,false,bananaslug-10,2024-09-04T15:09:01Z,"metalcore,post-hardcore","SHARPTONE",0.523,0.923,5,-5.754,0,0.0703,0.00139,0.00000576,0.303,0.285,127.013,4
spotify:track:76WJ6DfdUNCC3lqdy5s19K,"Lose Myself","Lost Souls","Caskets",2021-08-13,234416,54,false,bananaslug-10,2024-09-04T15:09:01Z,"metalcore,post-hardcore","SHARPTONE",0.476,0.954,1,-5.739,1,0.06,0.000826,0,0.0438,0.316,101.466,4
spotify:track:13YWByXibBltt3T5u3IcT7,"Lost in Echoes","Lost Souls","Caskets",2021-08-13,217814,66,false,bananaslug-10,2024-09-04T15:09:01Z,"metalcore,post-hardcore","SHARPTONE",0.442,0.937,7,-6.693,0,0.0723,0.00368,0.000116,0.0814,0.444,75.034,4
spotify:track:2YcisyBQVAXr68rq8P6pCR,"I Don't Wanna Be Here","Everything You Wanted","If Not For Me",2024-03-29,182666,36,false,bananaslug-10,2024-09-04T15:09:01Z,"metalcore","Thriller Records",0.542,0.843,6,-4.944,0,0.0457,0.019,0.000357,0.11,0.22,134.999,4
spotify:track:0Qc7UYagLJkUM8xZ3b7gKJ,"Feel Me Now","Everything You Wanted","If Not For Me",2024-03-29,230909,61,false,bananaslug-10,2024-09-04T15:09:01Z,"metalcore","Thriller Records",0.281,0.961,3,-3.62,0,0.0945,0.00352,0.00309,0.16,0.546,109.909,5
spotify:track:12ehSFI3uvGxJnZMIQqE6m,"Blameless","Everything You Wanted","If Not For Me",2024-03-29,193071,53,false,bananaslug-10,2024-09-04T15:09:01Z,"metalcore","Thriller Records",0.507,0.975,8,-3.915,1,0.127,0.0102,0.0000965,0.509,0.237,139.972,4
spotify:track:1MFvVwIPvzDrCBX44NXVuO,"No Thanks To You","Everything You Wanted","If Not For Me",2024-03-29,183463,45,false,bananaslug-10,2024-09-04T15:09:01Z,"metalcore","Thriller Records",0.511,0.95,8,-4.433,1,0.0718,0.0201,0.000219,0.185,0.162,103.554,4
spotify:track:7b7EQFWor90ETS1HShGPZI,"Demons","Everything You Wanted","If Not For Me",2024-03-29,194159,48,false,bananaslug-10,2024-09-04T15:10:18Z,"metalcore","Thriller Records",0.499,0.925,3,-3.933,0,0.0808,0.000808,0.0000915,0.215,0.383,83.968,4
spotify:track:7wdOqBy3UVKeQ1wPkHkAO1,"Complete Collapse","Complete Collapse","Sleeping With Sirens",2022-10-14,192553,51,false,bananaslug-10,2024-09-04T15:09:01Z,"emo,post-hardcore,screamo","Sumerian Records",0.416,0.945,1,-3.641,1,0.195,0.000602,0,0.367,0.491,163.081,4
spotify:track:2BhO5MD5myhWXL82di1W8v,"Calamity","Calamity","Annisokay",2023-06-23,173372,56,false,bananaslug-10,2024-09-04T15:09:07Z,"metalcore,post-hardcore,metal","Arising Empire",0.407,0.935,11,-5.877,0,0.132,0.000437,0.0000101,0.107,0.275,171.893,4
spotify:track:65VHUZPZKgaG4SJVRkBPzn,"Curse","Curse","Architects",2024-04-09,181134,28,false,bananaslug-10,2024-09-04T15:10:45Z,"metalcore,djent,mathcore,metal,post-hardcore,deathcore","Epitaph",0.581,0.957,5,-3.191,0,0.143,0.00000992,0.0000356,0.147,0.473,119.995,4
spotify:track:3UygY7qW2cvG9Llkay6i1i,"Going Under","Fallen","Evanescence",2003-03-04,214946,81,false,bananaslug-10,2024-09-04T15:12:20Z,"alternative metal","The Bicycle Music Company",0.37,0.858,11,-4.885,0,0.0545,0.00815,0.0000212,0.229,0.464,175.077,4
spotify:track:0COqiPhxzoWICwFCS4eZcp,"Bring Me To Life","Fallen","Evanescence",2003-03-04,235893,90,false,bananaslug-10,2024-09-04T15:12:20Z,"alternative metal","The Bicycle Music Company",0.331,0.943,4,-3.188,0,0.0698,0.00721,0.00000206,0.242,0.296,94.612,4
spotify:track:6Z77oDcn6iI1MHFCBPjl24,"Haunted","Fallen","Evanescence",2003-03-04,185440,65,false,bananaslug-10,2024-09-04T15:12:20Z,"alternative metal","The Bicycle Music Company",0.364,0.861,4,-4.588,0,0.0617,0.00959,0.00449,0.107,0.16,155.672,4
spotify:track:46fyLy4W9HhAkcb67kLaAV,"Tourniquet","Fallen","Evanescence",2003-03-04,278066,68,false,bananaslug-10,2024-09-04T15:12:20Z,"alternative metal","The Bicycle Music Company",0.204,0.898,4,-5.859,0,0.0938,0.00505,0.0107,0.31,0.14,98.943,4
spotify:track:7q6CybWAg3uYLgS5tDWqmd,"Imaginary","Fallen","Evanescence",2003-03-04,256493,62,false,bananaslug-10,2024-09-04T15:12:20Z,"alternative metal","The Bicycle Music Company",0.399,0.747,4,-5.472,0,0.031,0.00681,0.00327,0.205,0.278,150.053,4
spotify:track:5j7gLuOsBOyqooruGxX4nx,"Taking Over Me","Fallen","Evanescence",2003-03-04,228613,63,false,bananaslug-10,2024-09-04T15:12:20Z,"alternative metal","The Bicycle Music Company",0.476,0.796,9,-5.544,0,0.0335,0.0147,0.0000285,0.0981,0.399,90.038,4
spotify:track:2aUuMeSbt2aEv94MdG2BYS,"My Last Breath","Fallen","Evanescence",2003-03-04,247333,62,false,bananaslug-10,2024-09-04T15:12:20Z,"alternative metal","The Bicycle Music Company",0.353,0.774,6,-5.862,0,0.0491,0.00135,0.000199,0.105,0.452,176.201,4
spotify:track:1TU3KOnNwSERgNbF2Yzl7N,"Whisper","Fallen","Evanescence",2003-03-04,327333,60,false,bananaslug-10,2024-09-04T15:12:20Z,"alternative metal","The Bicycle Music Company",0.331,0.846,2,-5.702,0,0.0516,0.00689,0.0000943,0.27,0.369,175.121,4
spotify:track:663Karu2rvKLdnY0eo1n3M,"Call Me When You're Sober","The Open Door","Evanescence",2006-01-01,214706,75,false,bananaslug-10,2024-09-27T04:38:10Z,"alternative metal","The Bicycle Music Company",0.45,0.883,7,-4.094,1,0.0524,0.00193,0,0.293,0.328,93.41,4
spotify:track:7rQeehJRFCNTwqDffP8c5t,"new way out","new way out","Poppy",2024-06-04,202909,56,false,bananaslug-10,2024-09-07T01:44:32Z,"","Sumerian Records",0.588,0.91,7,-3.427,1,0.072,0.000197,0.000665,0.0575,0.459,108.928,4
spotify:track:60a0Rd6pjrkxjPbaKzXjfq,"In the End","Hybrid Theory (Bonus Edition)","Linkin Park",2000-10-24,216880,92,false,bananaslug-10,2024-09-07T06:46:59Z,"nu metal,rap metal,rock,alternative metal","Warner Records",0.556,0.864,3,-5.87,0,0.0584,0.00958,0,0.209,0.4,105.143,4
spotify:track:18lR4BzEs7e3qzc0KVkTpU,"What I've Done","Minutes to Midnight","Linkin Park",2007-05-14,205226,86,false,bananaslug-10,2024-09-27T05:06:51Z,"nu metal,rap metal,rock,alternative metal","Warner Records",0.627,0.935,5,-4.882,1,0.0324,0.0092,0,0.147,0.287,120.092,4
spotify:track:2nLtzopw4rPReszdYBJU6h,"Numb","Meteora","Linkin Park",2003-03-25,187520,91,false,bananaslug-10,2024-09-07T06:47:00Z,"nu metal,rap metal,rock,alternative metal","Warner Records",0.488,0.87,6,-4.185,0,0.0421,0.00353,0,0.484,0.211,110.072,4
spotify:track:4Yf5bqU3NK4kNOypcrLYwU,"Faint","Meteora","Linkin Park",2003-03-25,162106,87,false,bananaslug-10,2024-09-07T06:47:02Z,"nu metal,rap metal,rock,alternative metal","Warner Records",0.554,0.98,4,-3.514,1,0.108,0.127,0,0.0833,0.611,135.12,4
spotify:track:7oVEtyuv9NBmnytsCIsY5I,"BURN IT DOWN","LIVING THINGS","Linkin Park",2012-06-19,230253,81,false,bananaslug-10,2024-09-07T06:47:05Z,"nu metal,rap metal,rock,alternative metal","Warner Records",0.585,0.972,9,-4.45,0,0.0534,0.0143,0,0.0707,0.585,110.006,4
spotify:track:0zLNFeLkfUi9Ei4ysZfPXP,"Uzumaki","Year Of The Snake","Softcult",2022-02-04,211321,41,false,bananaslug-10,2024-09-07T06:47:51Z,"shoegaze,dream pop,riot grrrl","Easy Life Records",0.333,0.729,6,-5.821,1,0.0514,0.00157,0.0106,0.279,0.373,169.884,4
spotify:track:7B81PwYsKxxznT4frjjzFA,"Death by a Thousand Cuts - Feat. Lucas Woodland","Death by a Thousand Cuts (Feat. Lucas Woodland)","Imminence,Holding Absence,Lucas Woodland",2024-07-18,321735,44,false,bananaslug-10,2024-09-09T18:36:18Z,"metalcore,metal,deathcore,post-hardcore,melodic hardcore","Imminence",0.327,0.95,6,-3.1,0,0.111,0.000674,0.0000209,0.17,0.151,74.892,4
spotify:track:2OYtcqflvzQwh3cMPmTHs4,"There’s Fear In Letting Go","TRUE POWER","I Prevail",2022-08-19,234945,67,false,bananaslug-10,2024-09-22T07:54:11Z,"metalcore","Fearless Records",0.492,0.869,0,-6.403,1,0.0673,0.000879,0.00185,0.588,0.136,123.118,4
spotify:track:2GFwwTIVLjnOrtP7m9luHC,"Hurricane","TRAUMA","I Prevail",2019-03-29,223173,71,true,bananaslug-10,2024-10-30T17:11:30Z,"metalcore","Fearless Records",0.389,0.885,6,-5.063,0,0.0551,0.000372,0.000311,0.202,0.187,164.989,4
spotify:track:5qD3Qv8Wu3r5uRD0DahcZy,"Bow Down","TRAUMA","I Prevail",2019-03-29,242680,69,true,bananaslug-10,2024-10-30T17:18:26Z,"metalcore","Fearless Records",0.426,0.959,0,-4.95,1,0.0525,0.0000536,0.00000654,0.707,0.372,155.01,4
spotify:track:6Q1m1GyNxyOwZ2ud3p7XoS,"Gasoline","TRAUMA","I Prevail",2019-03-29,153613,70,true,bananaslug-10,2024-10-30T17:23:27Z,"metalcore","Fearless Records",0.546,0.945,1,-4.399,1,0.0531,0.000311,0,0.724,0.545,135.128,4
spotify:track:6WaYiQUPel70HUaCZj5eND,"Scars","Lifelines","I Prevail",2016-10-21,229773,67,false,bananaslug-10,2024-10-30T17:27:17Z,"metalcore","Fearless Records",0.505,0.964,7,-3.673,1,0.0718,0.0000997,0.00000285,0.113,0.571,138.021,4
spotify:track:3jTWNaSfBQvv3HPTqQjkkM,"Bad Things","TRUE POWER","I Prevail",2022-08-19,228260,65,false,bananaslug-10,2024-10-30T17:29:32Z,"metalcore","Fearless Records",0.5,0.844,5,-5.263,0,0.064,0.000791,0.0000954,0.274,0.141,92.044,4
spotify:track:5icbZiF6lcuEORG0UzMsS2,"Every Time You Leave","TRAUMA","I Prevail,Delaney Jane",2019-03-29,216626,63,false,bananaslug-10,2024-10-30T17:37:51Z,"metalcore","Fearless Records",0.473,0.749,1,-5.047,0,0.0287,0.000466,0.0000055,0.0883,0.167,150.022,4
spotify:track:2ah5gOCogw00A62XBoepmc,"Miracle","Miracle","A Day To Remember",2022-07-21,243977,59,true,bananaslug-10,2024-09-23T16:54:49Z,"metalcore,post-hardcore,pop punk,screamo,emo","Fueled By Ramen",0.463,0.917,7,-3.776,1,0.13,0.000266,0.000018,0.0872,0.369,160.028,4
spotify:track:5ofoB8PFmocBXFBEWVb6Vz,"Animals","For Those That Wish To Exist","Architects",2021-02-26,244364,74,true,bananaslug-10,2024-09-23T17:09:39Z,"metalcore,djent,mathcore,metal,post-hardcore,deathcore","Epitaph",0.532,0.759,1,-3.842,0,0.0319,0.000123,0.02,0.073,0.293,95.01,4
spotify:track:5EauhH7IW4eDo0SPnP6rIY,"Seeing Red","Seeing Red","Architects",2023-12-04,220575,28,true,bananaslug-10,2024-09-23T17:14:28Z,"metalcore,djent,mathcore,metal,post-hardcore,deathcore","Epitaph",0.398,0.951,7,-3.1,1,0.143,0.0000715,0.00324,0.0575,0.174,163.939,4
spotify:track:0YZEYxd1oiqZRFhnnmTKKi,"Another Life","Disguise","Motionless In White",2019-06-07,205394,75,false,bananaslug-10,2024-09-25T06:24:51Z,"metalcore,metal,screamo","Roadrunner Records",0.39,0.939,4,-3.828,0,0.0787,0.0000508,0,0.0968,0.495,161.997,4
spotify:track:6LNKeK9iJ66iwe16VxG43H,"Disguise","Disguise","Motionless In White",2019-06-07,237500,62,true,bananaslug-10,2024-09-27T16:12:35Z,"metalcore,metal,screamo","Roadrunner Records",0.497,0.932,6,-4.621,1,0.0952,0.000147,0,0.11,0.482,104.932,4
spotify:track:0y0v0SDevDcGW5rsDElup3,"Thoughts & Prayers","Disguise","Motionless In White",2019-06-07,240450,63,true,bananaslug-10,2024-09-27T16:18:16Z,"metalcore,metal,screamo","Roadrunner Records",0.321,0.962,1,-3.364,1,0.161,0.00000678,0,0.396,0.473,200.142,4
spotify:track:73QoCfWJJWbRYmm5nCH5Y2,"Sign Of Life","Scoring The End Of The World","Motionless In White",2022-06-10,220066,68,false,bananaslug-10,2024-09-25T16:11:38Z,"metalcore,metal,screamo","Roadrunner Records",0.507,0.929,0,-3.246,0,0.0756,0.0000437,0.0000152,0.397,0.429,101.05,4
spotify:track:3c9kVsKF68xMzlS0NikVn3,"Masterpiece","Scoring The End Of The World","Motionless In White",2022-06-10,206648,72,false,bananaslug-10,2024-09-25T16:16:02Z,"metalcore,metal,screamo","Roadrunner Records",0.324,0.863,10,-3.716,0,0.123,0.000109,0,0.311,0.394,177.985,4
spotify:track:1e1rQNYCZToyBDDka1Io34,"Werewolf","Scoring The End Of The World","Motionless In White",2022-06-10,212082,63,false,bananaslug-10,2024-10-30T17:01:03Z,"metalcore,metal,screamo","Roadrunner Records",0.495,0.951,10,-3.01,0,0.149,0.0006,0,0.116,0.515,95.01,4
spotify:track:3Mol9yc6kEdpu8lKEvsune,"Timebomb","Timebomb","Motionless In White",2021-08-20,226124,52,false,bananaslug-10,2024-10-30T17:04:37Z,"metalcore,metal,screamo","Roadrunner Records",0.52,0.96,1,-4.235,1,0.184,0.0000137,0,0.0807,0.298,119.972,4
spotify:track:0SnvI0twJ1Mnh0rJlBRrf0,"Voices","Graveyard Shift","Motionless In White",2017-05-05,224000,71,false,bananaslug-10,2024-09-25T06:33:11Z,"metalcore,metal,screamo","Roadrunner Records",0.499,0.937,6,-2.492,1,0.0605,0.0000454,0.00000611,0.477,0.569,90.029,4
spotify:track:11EVeW30HHEMZZsWgWzdfN,"Eternally Yours","Graveyard Shift","Motionless In White",2017-05-05,312351,65,false,bananaslug-10,2024-09-25T16:28:16Z,"metalcore,metal,screamo","Roadrunner Records",0.481,0.94,10,-3.288,0,0.0564,0.00113,0,0.107,0.194,94.948,4
spotify:track:7petzbAJP403GAY6F3Zfbx,"Soft","Graveyard Shift","Motionless In White",2017-05-05,210000,63,true,bananaslug-10,2024-09-25T16:37:03Z,"metalcore,metal,screamo","Roadrunner Records",0.488,0.967,1,-1.825,1,0.103,0.00000463,0.00018,0.494,0.331,94.99,4
spotify:track:6Rt9GlwZEDU0V3vhXrUNqJ,"Necessary Evil (feat. Jonathan Davis)","Graveyard Shift","Motionless In White,Jonathan Davis",2017-05-05,228053,58,true,bananaslug-10,2024-09-25T16:45:20Z,"metalcore,metal,screamo","Roadrunner Records",0.579,0.946,9,-2.732,0,0.054,0.000128,0.0000238,0.335,0.4,99.937,4
spotify:track:0mDMySNeFk7O6DDslIcfPO,"Rats","Graveyard Shift","Motionless In White",2017-05-05,235840,52,true,bananaslug-10,2024-09-25T17:01:56Z,"metalcore,metal,screamo","Roadrunner Records",0.557,0.934,5,-3.312,1,0.0367,0.000321,0.00000673,0.119,0.428,89.984,4
spotify:track:7D7byMFEWbDbkgOGX4EugP,"Untouchable","Graveyard Shift","Motionless In White",2017-05-05,238306,48,true,bananaslug-10,2024-09-25T17:08:03Z,"metalcore,metal,screamo","Roadrunner Records",0.536,0.917,10,-2.257,0,0.0337,0.0000875,0.000181,0.383,0.718,97.498,4
spotify:track:3Avo2sje8LYkKcedVEFkHI,"Hourglass","Graveyard Shift","Motionless In White",2017-05-05,225333,44,false,bananaslug-10,2024-09-25T17:21:40Z,"metalcore,metal,screamo","Roadrunner Records",0.358,0.967,0,-2.278,1,0.109,0.0000378,0.0000129,0.33,0.367,119.58,4
spotify:track:4vVUoi4U6ikqH2wIoE2fmG,"Reincarnate","Reincarnate","Motionless In White",2014-09-15,220040,64,true,bananaslug-10,2024-09-25T16:25:34Z,"metalcore,metal,screamo","Fearless Records",0.478,0.992,7,-3.165,1,0.211,0.000245,0.000206,0.327,0.117,109.969,4
spotify:track:1KF6uW84ksAUlTMy08gP1R,"Somebody Told Me","Somebody Told Me","Motionless In White",2020-09-09,199477,68,false,bananaslug-10,2024-09-25T16:33:25Z,"metalcore,metal,screamo","Roadrunner Records",0.486,0.961,10,-3.687,0,0.0776,0.0000101,0.000232,0.121,0.65,138.029,4
spotify:track:3p3t4C8mvtZrFBRs6OE7eY,"</c0de>","Disguise","Motionless In White",2019-06-07,228333,59,false,bananaslug-10,2024-09-27T16:24:38Z,"metalcore,metal,screamo","Roadrunner Records",0.488,0.977,6,-3.27,0,0.0839,0.0000228,0,0.36,0.569,108.035,4
spotify:track:0RjTa79DOaCvav4xusyHAH,"Legacy","Disguise","Motionless In White",2019-06-07,213813,52,false,bananaslug-10,2024-09-27T16:27:52Z,"metalcore,metal,screamo","Roadrunner Records",0.213,0.89,8,-4.417,1,0.193,0.000421,0,0.117,0.353,176.754,3
spotify:track:0vPkRB52RENZMpHybpFKYK,"Brand New Numb","Disguise","Motionless In White",2019-06-07,222461,63,true,bananaslug-10,2024-09-27T16:31:40Z,"metalcore,metal,screamo","Roadrunner Records",0.566,0.886,0,-3.63,1,0.0902,0.000348,0,0.494,0.619,130.066,4
spotify:track:4DQPKxM9mp70Nxz0FH051A,"Undead Ahead 2: The Tale of the Midnight Ride","Disguise","Motionless In White",2019-06-07,273666,49,false,bananaslug-10,2024-09-27T16:36:16Z,"metalcore,metal,screamo","Roadrunner Records",0.272,0.966,9,-4.223,0,0.376,0.000182,0,0.349,0.12,89.86,4
spotify:track:6HxvkE4HL60Uf9bHMhkdKt,"Broadcasting From Beyond the Grave: Death Inc.","Disguise","Motionless In White",2019-06-07,234626,47,true,bananaslug-10,2024-09-27T16:44:48Z,"metalcore,metal,screamo","Roadrunner Records",0.585,0.944,9,-4.346,0,0.162,0.00137,0,0.872,0.505,134.068,4
spotify:track:7FJpjeyDQxmRfZioyFHLLG,"Catharsis","Disguise","Motionless In White",2019-06-07,231866,52,false,bananaslug-10,2024-09-27T16:48:32Z,"metalcore,metal,screamo","Roadrunner Records",0.488,0.906,4,-4.13,1,0.0569,0.00011,0,0.195,0.359,118.005,4
spotify:track:2ClgEn1FZxchrqRZ04JZzj,"Slaughterhouse (feat. Bryan Garris)","Scoring The End Of The World","Motionless In White,Bryan Garris,Knocked Loose",2022-06-10,263947,64,true,bananaslug-10,2024-11-28T08:41:32Z,"metalcore,metal,screamo,hardcore,deathcore,hardcore punk","Roadrunner Records",0.304,0.987,7,-2.578,1,0.193,0.0000613,0.000162,0.371,0.153,149.992,4
spotify:track:1CH4iKlzvNAKMT8l88Qdmr,"ONE LAST TIME","DISPOSE","The Plot In You",2018-02-16,199173,57,false,bananaslug-10,2024-11-01T09:08:55Z,"metalcore","Fearless Records",0.544,0.898,7,-4.614,1,0.0642,0.00021,0.000329,0.108,0.425,120.01,4
spotify:track:1JkRR2HcXnUBCkVa8tFoAl,"Closure","Closure","The Plot In You",2024-01-19,193552,60,false,bananaslug-10,2024-11-06T23:12:05Z,"metalcore","Fearless Records",0.506,0.891,7,-4.856,0,0.351,0.0241,0.00000437,0.264,0.395,100.504,4
spotify:track:6gfUOprNMeD8amncMOSFl0,"Misery","Remade In Misery","Memphis May Fire",2022-06-03,192176,68,false,bananaslug-10,2024-11-06T23:24:01Z,"metalcore,post-hardcore,screamo","Rise Records",0.431,0.899,1,-2.88,1,0.135,0.000546,0.000432,0.346,0.553,85.019,4
spotify:track:31iAZuJu1Obz239eDpMfee,"Make Believe","Make Believe","Memphis May Fire",2022-02-18,229007,17,false,bananaslug-10,2024-11-06T23:30:15Z,"metalcore,post-hardcore,screamo","Rise Records",0.556,0.924,2,-4.048,0,0.0701,0.00225,0.0000698,0.11,0.49,131.014,4
spotify:track:0cyRTLChgQDVxrHqI6uHtC,"Blood & Water","Make Believe","Memphis May Fire",2022-02-18,230673,17,false,bananaslug-10,2024-11-06T23:30:25Z,"metalcore,post-hardcore,screamo","Rise Records",0.461,0.966,1,-2.792,0,0.189,0.000035,0.00000366,0.33,0.459,140.009,4
spotify:track:4mdp26YsqfiqL6Fj9DJmaV,"Chaotic","Chaotic","Memphis May Fire",2024-04-17,171794,51,false,bananaslug-10,2024-11-06T23:36:30Z,"metalcore,post-hardcore,screamo","Rise Records",0.55,0.94,4,-3.772,0,0.166,0.000164,0.00425,0.657,0.564,117.043,4
spotify:track:29ySfQsz4Zu0xmMyQ3oR6J,"The Fight Within","Remade In Misery","Memphis May Fire",2022-06-03,234114,57,false,bananaslug-10,2024-11-06T23:41:12Z,"metalcore,post-hardcore,screamo","Rise Records",0.463,0.937,8,-3.605,0,0.0986,0.0676,0,0.0949,0.348,140.076,4
spotify:track:2lUECytCuzKCCDSsUdIqyC,"Somebody","Make Believe","Memphis May Fire",2022-02-18,200000,13,false,bananaslug-10,2024-11-06T23:43:32Z,"metalcore,post-hardcore,screamo","Rise Records",0.479,0.99,10,-2.801,0,0.102,0.00661,0,0.104,0.637,137.979,4
spotify:track:3pTCy3GDllLC0wHXtMSVZh,"Pretend","Pretend","The Plot In You",2024-09-27,185346,16,true,bananaslug-10,2024-11-07T00:10:08Z,"metalcore","Fearless Records",0.381,0.934,0,-3.16,0,0.143,0.000023,0.000116,0.207,0.518,147.975,4
spotify:track:6PXYOVPBzO3xojFhQAvmde,"Suffocate (feat. Poppy)","You Won't Go Before You're Supposed To","Knocked Loose,Poppy",2024-05-10,164695,68,true,bananaslug-10,2024-11-08T22:30:42Z,"hardcore,metalcore,deathcore,hardcore punk","Pure Noise Records",0.244,0.985,1,-2.781,0,0.38,0.0000346,0.0139,0.51,0.124,169.561,4
spotify:track:55H5OIdnR0H5MTsWfTP63E,"Calcutta","Two","Sleep Token",2017-07-21,413666,64,false,bananaslug-10,2024-11-11T09:10:32Z,"progressive metal,metalcore","Sleep Token",0.509,0.512,1,-7.117,1,0.0276,0.0106,0.000801,0.121,0.159,130.022,4
spotify:track:5Hh2VJj7bOWGsN0Jw6smwt,"Two Faced","Two Faced","Linkin Park",2024-11-13,183584,66,false,bananaslug-10,2024-11-15T19:00:50Z,"nu metal,rap metal,rock,alternative metal","Warner Records",0.51,0.945,1,-5.405,1,0.0807,0.000658,0.0000048,0.0413,0.323,91.906,4
spotify:track:2PnlsTsOTLE5jnBnNe2K0A,"The Emptiness Machine","The Emptiness Machine","Linkin Park",2024-09-05,190427,83,true,bananaslug-10,2024-11-15T19:06:20Z,"nu metal,rap metal,rock,alternative metal","Warner Records",0.466,0.872,7,-3.344,1,0.0336,0.0156,0,0.121,0.806,184.115,4
spotify:track:3fgehc497TFqKH1zBL2YNK,"Heavy Is the Crown","Heavy Is the Crown","Linkin Park",2024-09-24,167012,77,false,bananaslug-10,2024-11-15T19:08:23Z,"nu metal,rap metal,rock,alternative metal","Warner Records",0.571,0.928,4,-3.725,0,0.0453,0.00932,0,0.297,0.489,127.939,4
spotify:track:5mFZipkX1HZ4Idz5LOWpzq,"Cut the Bridge","From Zero","Linkin Park",2024-11-15,228606,75,false,bananaslug-10,2024-11-15T19:15:24Z,"nu metal,rap metal,rock,alternative metal","Warner Records",0.622,0.936,7,-2.72,0,0.067,0.0212,0.00000309,0.242,0.743,75.024,4
spotify:track:7clyJIrLkEbXUDwj1tC9zz,"Blood // Water","a modern tragedy vol. 1","grandson",2018-06-15,214520,69,false,bananaslug-10,2024-11-15T19:22:59Z,"","Fueled By Ramen",0.504,0.891,6,-5.632,0,0.137,0.00163,0.00199,0.148,0.628,153.988,4
spotify:track:7BkzAHnNW7WfrT4NcLaUDx,"Casualty","From Zero","Linkin Park",2024-11-15,140915,69,false,bananaslug-10,2024-11-15T19:26:29Z,"nu metal,rap metal,rock,alternative metal","Warner Records",0.576,0.948,2,-4.082,1,0.173,0.00467,0.00838,0.322,0.5,159.928,4
spotify:track:7diOv6wm3ngF7Vt6ubK0Sf,"Overflow","From Zero","Linkin Park",2024-11-15,211027,70,false,bananaslug-10,2024-11-16T04:51:21Z,"nu metal,rap metal,rock,alternative metal","Warner Records",0.515,0.654,8,-6.349,1,0.0492,0.116,0.000103,0.0966,0.306,133.916,4
spotify:track:0J1IJsMbKWb5g2sJArTkGF,"Stained","From Zero","Linkin Park",2024-11-15,185414,74,false,bananaslug-10,2024-11-16T04:58:23Z,"nu metal,rap metal,rock,alternative metal","Warner Records",0.516,0.868,6,-5.148,1,0.0969,0.0134,0,0.509,0.375,91.97,4
spotify:track:7M8eZBRTD9QNasEVReEM0H,"IGYEIH","From Zero","Linkin Park",2024-11-15,209083,69,false,bananaslug-10,2024-11-16T04:59:40Z,"nu metal,rap metal,rock,alternative metal","Warner Records",0.442,0.968,2,-3.417,1,0.126,0.00227,0.0000153,0.296,0.308,159.974,4
spotify:track:6aCBjSb87RizdH8lVBIRW7,"Good Things Go","From Zero","Linkin Park",2024-11-15,209844,72,true,bananaslug-10,2024-11-16T05:03:53Z,"nu metal,rap metal,rock,alternative metal","Warner Records",0.541,0.757,2,-5.37,0,0.0421,0.00867,0,0.136,0.307,127.005,4
spotify:track:6nebUmkUoc7fITIKPjS47K,"We Did It!!!","Death Of An Optimist","grandson",2020-12-04,168736,49,true,bananaslug-10,2024-11-17T23:38:29Z,"","Fueled By Ramen",0.284,0.789,1,-7.927,1,0.473,0.000328,0.00109,0.562,0.597,169.2,4
spotify:track:1hHn2SG7j8Ux61wWiUcXPq,"Oh No!!!","Oh No!!!","grandson",2019-09-04,215035,53,true,bananaslug-10,2024-11-17T23:41:45Z,"","Fueled By Ramen",0.609,0.659,2,-7.218,1,0.0442,0.00592,0.000292,0.161,0.522,80.996,4
spotify:track:3JyvSSU0VnlMUsQckyEVfX,"Darkside","a modern tragedy vol. 2","grandson",2019-02-22,229531,61,true,bananaslug-10,2024-11-17T23:47:45Z,"","Fueled By Ramen",0.497,0.701,7,-6.834,1,0.119,0.000568,0.000287,0.352,0.18,76.918,4
spotify:track:5IPT4Noqvo7bsfbWUOHcG4,"Despicable","a modern tragedy vol. 1","grandson",2018-06-15,223893,59,false,bananaslug-10,2024-11-17T23:56:42Z,"","Fueled By Ramen",0.576,0.782,1,-6.167,1,0.0346,0.0123,0.00241,0.467,0.367,87.971,4
spotify:track:23GWbiEWeZ1IteR9ijD3hn,"Riptide","Death Of An Optimist","grandson",2020-12-04,192382,53,true,bananaslug-10,2024-11-18T00:00:05Z,"","Fueled By Ramen",0.484,0.875,2,-5.173,1,0.0686,0.000479,0.0000525,0.0875,0.395,159.962,4
spotify:track:4AFjPeecGnS3999PV5iOSK,"Mea Culpa (Ah! Ça ira!)","Mea Culpa (Ah! Ça ira!)","Gojira,Marina Viotti,Victor Le Masne",2024-08-30,173160,64,false,bananaslug-10,2024-11-26T10:05:09Z,"groove metal,metal,progressive metal,death metal,djent","BMG Rights Management (UK) Ltd.",0.206,0.89,7,-5.277,0,0.0468,0.00144,0.0975,0.356,0.249,90.349,4
spotify:track:2mMNBgFRyEiRoGvrdoONeq,"A Grave Mistake","The Silver Scream","Ice Nine Kills",2018-10-05,184226,67,false,bananaslug-10,2024-11-29T00:35:09Z,"metalcore,metal","Fearless Records",0.36,0.925,6,-3.775,0,0.0719,0.000838,0,0.115,0.446,175.088,3
spotify:track:3K7vovoUvysvYih4CNKIOc,"A Work of Art","A Work of Art (feat. Shavo of System of a Down)","Ice Nine Kills,SHAVO",2024-10-11,238143,68,false,bananaslug-10,2024-11-29T00:37:31Z,"metalcore,metal","Fearless Records",0.293,0.98,8,-2.372,1,0.406,0.00611,0,0.341,0.195,200.499,4
spotify:track:04K2bMi2vyOBwxr5EjDq5O,"The American Nightmare","The Silver Scream","Ice Nine Kills",2018-10-05,249746,65,true,bananaslug-10,2024-11-30T08:54:24Z,"metalcore,metal","Fearless Records",0.505,0.981,2,-3.779,1,0.156,0.000212,0.00000375,0.588,0.256,120.052,4
spotify:track:4DUDclz23qWzRVNe4a8zeK,"Meat & Greet","Welcome To Horrorwood: Under Fire","Ice Nine Kills",2023-10-20,210559,56,true,bananaslug-10,2024-11-30T08:59:17Z,"metalcore,metal","Fearless Records",0.407,0.955,0,-4.132,1,0.263,0.000274,0,0.231,0.437,160.883,4
spotify:track:2G8PweZBBwTpyP8vpNQJK2,"Caraphernelia","Selfish Machines","Pierce The Veil",2010-06-21,268480,74,false,bananaslug-10,2024-12-01T21:39:03Z,"emo,screamo,post-hardcore","Equal Vision Records",0.531,0.984,3,-3.767,0,0.0652,0.0017,0.0000113,0.361,0.386,107.036,4
spotify:track:2ZiJidFdQ30nVJEP4u44l3,"Blank Space","Heart Vs. Mind","I Prevail",2014-12-16,240927,68,false,bananaslug-10,2024-12-03T01:13:26Z,"metalcore","Fearless Records",0.437,0.863,11,-5.28,0,0.0941,0.00302,0,0.144,0.233,194.073,4
spotify:track:6ZfTIN0gmZft7Ewe9gjOyR,"SAVAGES","The Silver Scream","Ice Nine Kills",2018-10-05,177853,54,false,bananaslug-10,2024-12-03T15:59:54Z,"metalcore,metal","Fearless Records",0.476,0.99,6,-2.24,1,0.133,0.000361,0.00000325,0.409,0.406,130.97,4
spotify:track:6sLLOGba3eASfNam3bA8wV,"The Jig Is Up (feat. Randy Strohmeyer of Finch)","The Silver Scream","Ice Nine Kills,Randy Strohmeyer",2018-10-05,237933,49,true,bananaslug-10,2024-12-03T16:02:09Z,"metalcore,metal","Fearless Records",0.237,0.936,7,-4.096,1,0.157,0.000114,0,0.286,0.253,140.105,3
spotify:track:0SE4Gr2tOynUanztsaqnZl,"Rocking The Boat","The Silver Scream","Ice Nine Kills,Jeremy Schwartz",2018-10-05,246226,50,true,bananaslug-10,2024-12-03T16:09:44Z,"metalcore,metal","Fearless Records",0.39,0.955,6,-3.591,1,0.112,0.000568,0,0.205,0.365,87.346,4
spotify:track:20WSWrWhZgiEMvVWu5XuFl,"Enjoy Your Slay","The Silver Scream","Ice Nine Kills,Sam Kubrick",2018-10-05,255013,48,true,bananaslug-10,2024-12-03T16:14:38Z,"metalcore,metal","Fearless Records",0.165,0.949,11,-3.801,1,0.121,0.0115,0,0.305,0.284,149.615,5
spotify:track:2vuRp2Vh2pxUPxHEmhmCWc,"Freak Flag","The Silver Scream","Ice Nine Kills",2018-10-05,198946,47,false,bananaslug-10,2024-12-03T16:18:48Z,"metalcore,metal","Fearless Records",0.529,0.98,6,-3.673,1,0.0896,0.0000813,0.000257,0.486,0.594,114.94,4
spotify:track:3SNRCldu3OREo61p4KQDIa,"The World In My Hands (ft. Tony Lovato of Mest)","The Silver Scream","Ice Nine Kills,Tony Lovato",2018-10-05,230813,47,false,bananaslug-10,2024-12-03T16:20:48Z,"metalcore,metal","Fearless Records",0.311,0.939,1,-3.719,0,0.0914,0.000182,0,0.0972,0.487,83.611,3
spotify:track:2kM94CiYjbN4932wToEMJo,"Merry Axe-Mas","The Silver Scream","Ice Nine Kills",2018-10-05,198880,46,true,bananaslug-10,2024-12-03T16:26:13Z,"metalcore,metal","Fearless Records",0.344,0.99,11,-2.736,1,0.141,0.0000538,0,0.639,0.207,175.072,4
spotify:track:3AkCkuC8LuRFEnvyKBQUOg,"Rainy Day","Welcome To Horrorwood: The Silver Scream 2","Ice Nine Kills",2021-10-15,181520,64,false,bananaslug-10,2024-12-03T16:37:41Z,"metalcore,metal","Fearless Records",0.466,0.944,6,-4.103,0,0.177,0.000119,0,0.379,0.384,134.993,4
spotify:track:1tBghD5Z8rBeN7eHDXLamy,"Hip To Be Scared [Feat. Jacoby Shaddix]","Welcome To Horrorwood: The Silver Scream 2","Ice Nine Kills,Jacoby Shaddix",2021-10-15,203560,64,true,bananaslug-10,2024-12-03T16:38:55Z,"metalcore,metal","Fearless Records",0.276,0.862,1,-5.352,0,0.255,0.00147,0,0.174,0.526,182.115,3
spotify:track:0sZ7125n1GTxvrq0anThNy,"The Shower Scene","Welcome To Horrorwood: The Silver Scream 2","Ice Nine Kills",2021-10-15,191693,62,false,bananaslug-10,2024-12-03T16:44:00Z,"metalcore,metal","Fearless Records",0.376,0.944,2,-4.053,1,0.174,0.000101,0.00000118,0.313,0.453,176.021,4
spotify:track:78z9ELDMUD1rMAo5Qoxwjn,"Animals","Punk Goes Pop Vol. 6","Ice Nine Kills",2014-11-17,255603,51,false,bananaslug-10,2024-12-05T04:41:28Z,"metalcore,metal","Fearless Records",0.453,0.973,1,-4.292,0,0.0774,0.00535,0.000267,0.0537,0.262,94.999,4
spotify:track:3EeoMkZF8NhX9FdCSxG8MB,"Parabol","Lateralus","TOOL",2001-05-15,184573,62,false,bananaslug-10,2024-12-05T10:10:46Z,"progressive metal,alternative metal,progressive rock,metal","RCA Records Label",0.283,0.0489,9,-24.949,1,0.0413,0.545,0.307,0.0897,0.0886,76.128,4
spotify:track:1vxu8vMNshg5J8z3oA7QJZ,"Parabola","Lateralus","TOOL",2001-05-15,363680,69,false,bananaslug-10,2024-12-05T10:10:51Z,"progressive metal,alternative metal,progressive rock,metal","RCA Records Label",0.314,0.929,9,-6.238,1,0.105,0.0000203,0.516,0.139,0.285,100.935,4
spotify:track:59WN2psjkt1tyaxjspN8fp,"Killing In The Name","Rage Against The Machine - XX (20th Anniversary Special Edition)","Rage Against The Machine",1992,313573,84,true,bananaslug-10,2024-12-05T10:19:45Z,"rap metal,rap rock,alternative metal,nu metal","Epic/Legacy",0.466,0.833,7,-4.215,1,0.304,0.0266,0,0.0327,0.661,88.785,4
spotify:track:55mJleti2WfWEFNFcBduhc,"Schism","Lateralus","TOOL",2001-05-15,403533,75,false,bananaslug-10,2024-12-05T17:57:02Z,"progressive metal,alternative metal,progressive rock,metal","RCA Records Label",0.567,0.714,9,-8.512,0,0.0302,0.0012,0.417,0.186,0.191,107.441,3
spotify:track:40rvBMQizxkIqnjPdEWY1v,"Down with the Sickness","The Sickness","Disturbed",2000-03-07,279213,81,true,bananaslug-10,2024-12-13T04:37:01Z,"metal,nu metal,alternative metal,rap metal,hard rock,rock","Giant/Reprise",0.695,0.876,3,-4.262,0,0.0553,0.000996,0.00000689,0.106,0.941,89.954,4
spotify:track:3dncWYTMi4YudEtsJzT4OI,"Want Me Around","Shapeshifter","Knuckle Puck",2017-10-13,211100,48,false,bananaslug-10,2024-12-19T04:07:20Z,"pop punk,midwest emo,punk","Rise Records",0.452,0.962,0,-3.224,0,0.127,0.00701,0.00000777,0.0997,0.525,101.884,4
spotify:track:4mizADolHWX49HVv9pYmQh,"Hell Finds You Everywhere (feat. Noah Sebastian)","Hell Finds You Everywhere","Thousand Below,Noah Sebastian",2022-12-09,204164,51,false,bananaslug-10,2025-01-20T08:30:21Z,"metalcore,post-hardcore","Rise Records",0.412,0.888,1,-4.244,1,0.0504,0.000518,0,0.202,0.108,137.887,4
spotify:track:4JCFLDaQ1rqDsexY7ihJuU,"Comatose","I'm Hard To Love But So Are You Vol. 3","Too Close To Touch",2019-11-12,203180,42,false,bananaslug-10,2025-01-20T08:37:04Z,"post-hardcore,metalcore","Epitaph",0.322,0.836,4,-3.083,0,0.0863,0.0222,0,0.19,0.403,162.057,4
spotify:track:1ve6FiKnpfXt8vUxhndH7p,"IF IT DOESN'T HURT","CARNAL","NOTHING MORE",2024-06-28,179225,68,false,bananaslug-10,2025-01-21T02:52:05Z,"","Better Noise Music",0.343,0.885,5,-3.558,0,0.166,0.000294,0.000311,0.39,0.62,94.435,4
spotify:track:0ofLz0b9mmXXvDgQp7XPRd,"Lifelines","Lifelines","I Prevail",2016-10-21,201480,59,false,bananaslug-10,2025-01-21T08:06:25Z,"metalcore","Fearless Records",0.503,0.94,1,-4.66,0,0.0475,0.00045,0.000536,0.217,0.532,160.03,4
spotify:track:6T38YYdc9GkLO07TRI3li2,"Stuck In Your Head","Lifelines","I Prevail",2016-10-21,215000,60,false,bananaslug-10,2025-01-21T08:09:14Z,"metalcore","Fearless Records",0.48,0.955,9,-3.702,1,0.0395,0.000298,0.0107,0.477,0.658,155.019,4
spotify:track:1ZJNyOtk0bdYbPi1zlyFj5,"Visceral","TRUE POWER","I Prevail",2022-08-19,164073,54,false,bananaslug-10,2025-01-21T08:13:10Z,"metalcore","Fearless Records",0.446,0.946,1,-4.598,1,0.088,0.000112,0,0.129,0.471,155.004,4
spotify:track:0FpYnuKYFJXHAmHbS1CycY,"Feiticeira","White Pony","Deftones",2000,189760,63,true,bananaslug-10,2025-01-28T17:10:50Z,"nu metal,alternative metal,rap metal,shoegaze","Rhino",0.196,0.97,8,-4.692,1,0.26,0.000404,0.0631,0.288,0.114,153.186,4
spotify:track:2jSJm3Gv6GLxduWLenmjKS,"Digital Bath","White Pony","Deftones",2000,255373,75,false,bananaslug-10,2025-01-28T17:13:35Z,"nu metal,alternative metal,rap metal,shoegaze","Rhino",0.338,0.859,4,-4.938,0,0.0824,0.00122,0.211,0.0936,0.504,92.966,4
spotify:track:3jnYlchDDAiLzfkPPy12ig,"Elite","White Pony","Deftones",2000,241800,59,false,bananaslug-10,2025-01-28T17:18:35Z,"nu metal,alternative metal,rap metal,shoegaze","Rhino",0.46,0.992,5,-3.298,0,0.0818,0.000638,0.866,0.321,0.206,90.877,4
spotify:track:6HgrJfzfj9WRBABdussy8z,"Rx Queen","White Pony","Deftones",2000,268026,64,false,bananaslug-10,2025-01-28T17:22:51Z,"nu metal,alternative metal,rap metal,shoegaze","Rhino",0.571,0.919,10,-6.596,1,0.0457,0.000106,0.274,0.171,0.548,143.155,4
spotify:track:5qNr7GnEmD3zA2oQTAdI3a,"Street Carp","White Pony","Deftones",2000,161600,59,true,bananaslug-10,2025-01-28T17:27:54Z,"nu metal,alternative metal,rap metal,shoegaze","Rhino",0.197,0.941,2,-4.112,1,0.0597,0.0000589,0,0.214,0.503,161.434,4
spotify:track:42Kv1RoTAm09FeytxiuZIB,"Knife Prty","White Pony","Deftones",2000,289200,68,false,bananaslug-10,2025-01-28T17:34:28Z,"nu metal,alternative metal,rap metal,shoegaze","Rhino",0.295,0.883,0,-3.897,0,0.0446,0.00025,0.0234,0.137,0.118,74.483,3
spotify:track:7cYKGj2j9AWNwQukTl2Jev,"Korea","White Pony","Deftones",2000,203600,58,false,bananaslug-10,2025-01-28T17:38:33Z,"nu metal,alternative metal,rap metal,shoegaze","Rhino",0.271,0.91,7,-3.645,1,0.0854,0.0000151,0.0000434,0.134,0.149,88.463,4
spotify:track:7IoK6jZBxY7NMoQPoPXZCF,"Passenger","White Pony","Deftones",2000,368666,72,false,bananaslug-10,2025-01-28T17:43:38Z,"nu metal,alternative metal,rap metal,shoegaze","Rhino",0.345,0.797,0,-6.152,1,0.0551,0.00188,0.0668,0.145,0.223,117.987,4
spotify:track:51c94ac31swyDQj9B3Lzs3,"Change (In the House of Flies)","White Pony","Deftones",2000,299533,84,false,bananaslug-10,2025-01-28T17:46:17Z,"nu metal,alternative metal,rap metal,shoegaze","Rhino",0.269,0.853,7,-4.647,0,0.0854,0.000249,0.000246,0.118,0.179,141.581,4
spotify:track:0FrT8a39eo6siL1yIxVGTP,"Pink Maggit","White Pony","Deftones",2000,453226,62,false,bananaslug-10,2025-01-28T17:53:39Z,"nu metal,alternative metal,rap metal,shoegaze","Rhino",0.144,0.668,8,-6.622,1,0.048,0.00633,0.308,0.11,0.0362,89.64,3
spotify:track:2OUR8g12h5qsGDs1v5lqvp,"Swerve City","Koi No Yokan","Deftones",2012-11-09,164986,70,false,bananaslug-10,2025-01-28T18:18:14Z,"nu metal,alternative metal,rap metal,shoegaze","Reprise",0.457,0.964,10,-2.963,1,0.0656,0.0001,0.00811,0.67,0.372,111.972,4
spotify:track:23ZfYXdy2deoaf4u1XObHZ,"Romantic Dreams","Koi No Yokan","Deftones",2012-11-09,278106,64,false,bananaslug-10,2025-01-28T18:20:58Z,"nu metal,alternative metal,rap metal,shoegaze","Reprise",0.152,0.959,6,-4.143,0,0.151,0.0000149,0.0000483,0.654,0.27,78.875,3
spotify:track:0RLhtEt50QUwKXNwKI4dSJ,"Leathers","Koi No Yokan","Deftones",2012-11-09,248893,62,false,bananaslug-10,2025-01-28T18:27:20Z,"nu metal,alternative metal,rap metal,shoegaze","Reprise",0.28,0.861,10,-4.6,1,0.0647,0.0000561,0.0977,0.0798,0.0597,157.904,4
spotify:track:109Reh7np1btqIGNbVTAq3,"Poltergeist","Koi No Yokan","Deftones",2012-11-09,211413,56,true,bananaslug-10,2025-01-28T18:30:55Z,"nu metal,alternative metal,rap metal,shoegaze","Reprise",0.436,0.951,11,-3.383,1,0.116,0.0000137,0.712,0.0771,0.285,155.977,4
spotify:track:4bLCPfBLKlqiONo6TALTh5,"Entombed","Koi No Yokan","Deftones",2012-11-09,299240,77,false,bananaslug-10,2025-01-28T18:33:56Z,"nu metal,alternative metal,rap metal,shoegaze","Reprise",0.399,0.753,10,-3.882,1,0.0375,0.00593,0.128,0.366,0.167,130.055,4
spotify:track:7HLDvobIFC895EGNMzhdZb,"Graphic Nature","Koi No Yokan","Deftones",2012-11-09,271533,54,true,bananaslug-10,2025-01-28T18:41:34Z,"nu metal,alternative metal,rap metal,shoegaze","Reprise",0.375,0.909,9,-3.355,0,0.0359,0.0000187,0.217,0.361,0.316,91.936,4
spotify:track:1parffUcsk8pfGbyMtGnmW,"Tempest","Koi No Yokan","Deftones",2012-11-09,365480,66,false,bananaslug-10,2025-01-28T18:44:54Z,"nu metal,alternative metal,rap metal,shoegaze","Reprise",0.343,0.798,9,-5.962,0,0.0545,0.00148,0.000344,0.11,0.0549,147.769,4
spotify:track:6ApFw0KmCRA0X0p2Vbqm0U,"Gauze","Koi No Yokan","Deftones",2012-11-09,281400,60,false,bananaslug-10,2025-01-28T18:48:36Z,"nu metal,alternative metal,rap metal,shoegaze","Reprise",0.321,0.926,0,-4.789,1,0.064,0.000107,0.0437,0.353,0.287,110.199,4
spotify:track:4FEr6dIdH6EqLKR0jB560J,"Rosemary","Koi No Yokan","Deftones",2012-11-09,413346,78,false,bananaslug-10,2025-01-28T18:56:44Z,"nu metal,alternative metal,rap metal,shoegaze","Reprise",0.285,0.613,5,-6.412,1,0.0421,0.0185,0.1,0.114,0.0772,126.628,4
spotify:track:0vB4pHzanZWUMprHnlsafz,"Goon Squad","Koi No Yokan","Deftones",2012-11-09,340000,57,false,bananaslug-10,2025-01-30T16:52:53Z,"nu metal,alternative metal,rap metal,shoegaze","Reprise",0.29,0.927,7,-6.39,1,0.104,0.0000858,0.868,0.0655,0.038,156.146,4
spotify:track:3GXmLpYjgpjXFtDkS4wtJ7,"What Happened to You?","Koi No Yokan","Deftones",2012-11-09,233706,57,false,bananaslug-10,2025-01-30T16:52:56Z,"nu metal,alternative metal,rap metal,shoegaze","Reprise",0.54,0.776,5,-5.161,1,0.0641,0.015,0.0548,0.0952,0.574,152.062,4
spotify:track:0b4TKuvZ4eJ8eHgJgXaCnN,"Two-Way Mirror","I Let It in and It Took Everything","Loathe",2020-02-07,300186,65,false,bananaslug-10,2025-01-29T00:23:33Z,"shoegaze","SHARPTONE",0.32,0.84,2,-6.703,1,0.0447,0.0000786,0.761,0.135,0.173,160.104,4
spotify:track:73ESek0SF1ZcdRKMc8hsKi,"New Faces in the Dark","I Let It in and It Took Everything","Loathe",2020-02-07,192053,56,false,bananaslug-10,2025-01-29T00:27:14Z,"shoegaze","SHARPTONE",0.384,0.974,9,-5.355,0,0.17,0.0000655,0.734,0.628,0.105,164.914,4
spotify:track:611WshW3yQKLCQ2pTCOii4,"Screaming","I Let It in and It Took Everything","Loathe",2020-02-07,354640,66,false,bananaslug-10,2025-01-29T00:32:52Z,"shoegaze","SHARPTONE",0.318,0.957,9,-6.061,0,0.0779,0.0000388,0.462,0.0788,0.242,134.813,4
spotify:track:4OmlsAT8r4q9vPFBvfYgyZ,"Is It Really You?","I Let It in and It Took Everything","Loathe",2020-02-07,287627,71,false,bananaslug-10,2025-01-29T00:40:55Z,"shoegaze","SHARPTONE",0.563,0.721,9,-7.578,1,0.0375,0.00213,0.4,0.14,0.11,110.027,3
spotify:track:0ZfpA3Tq0OWlxpowofOlH9,"Aggressive Evolution","I Let It in and It Took Everything","Loathe",2020-02-07,207266,57,false,bananaslug-10,2025-04-02T06:56:33Z,"shoegaze","SHARPTONE",0.499,0.96,0,-5.078,1,0.0807,0.00000922,0.72,0.875,0.323,95.011,4
spotify:track:2fyDWKsx5904KnZMGllmAv,"A Sad Cartoon","I Let It in and It Took Everything","Loathe",2020-02-07,315880,62,false,bananaslug-10,2025-04-02T07:00:03Z,"shoegaze","SHARPTONE",0.421,0.89,3,-7.077,1,0.0742,0.000527,0.434,0.2,0.131,137.711,4
spotify:track:5ycLTrgkYgT3T6DQPmGbSw,"Gored","I Let It in and It Took Everything","Loathe",2020-02-07,187718,51,false,bananaslug-10,2025-04-06T07:27:44Z,"shoegaze","SHARPTONE",0.438,0.974,9,-5.012,1,0.128,0.00000368,0.958,0.574,0.19,152.974,4
spotify:track:7crlF5OeAppdViVihnDFIp,"Heavy Is the Head That Falls with the Weight of a Thousand Thoughts","I Let It in and It Took Everything","Loathe",2020-02-07,257653,49,false,bananaslug-10,2025-04-07T06:16:57Z,"shoegaze","SHARPTONE",0.212,0.88,7,-6.542,1,0.138,0.0000562,0.0373,0.201,0.0735,168.033,4
spotify:track:09fDemXgXzRReTfb7UWxjD,"I Let It in and It Took Everything...","I Let It in and It Took Everything","Loathe,Vincente Void",2020-02-07,320413,56,false,bananaslug-10,2025-04-08T02:48:50Z,"shoegaze","SHARPTONE",0.513,0.799,1,-6.951,0,0.0398,0.000719,0.366,0.108,0.229,133.022,4
spotify:track:08on2wzs5D8ccY4oRrMR7G,"Babylon...","The Cold Sun","Loathe",2017-04-14,257464,57,false,bananaslug-10,2025-04-02T07:06:09Z,"shoegaze","SHARPTONE",0.383,0.722,4,-6.925,0,0.0638,0.0392,0.778,0.0995,0.0371,149.922,4
spotify:track:6NCUsc3nuKxBTyH4E4Pu5c,"White Hot","White Hot / Saint Cecilia","Loathe",2017-12-04,210500,53,false,bananaslug-10,2025-04-02T07:15:07Z,"shoegaze","SHARPTONE",0.335,0.965,0,-5.013,1,0.233,0.0000356,0.0022,0.459,0.173,170.061,3
spotify:track:3FI0iAAAjmR31xpZEwbdys,"Circle With Me","Eternal Blue","Spiritbox",2021-09-17,233880,74,false,bananaslug-10,2024-10-27T08:42:28Z,"metalcore,djent,metal","Rise Records",0.422,0.874,8,-4.606,0,0.0534,0.000166,0.231,0.143,0.392,102.743,4
spotify:track:2GWtLHhqPjvZt1aWiBDsTU,"Cellar Door","Cellar Door","Spiritbox",2023-10-13,283957,54,false,bananaslug-10,2024-11-09T03:27:10Z,"metalcore,djent,metal","Rise Records",0.174,0.935,1,-4.362,1,0.135,0.000159,0.427,0.467,0.163,84.478,4
spotify:track:6IdyYbGg1jxiWhfwm2Ykjn,"Jaded","Jaded","Spiritbox",2023-08-25,262631,71,false,bananaslug-10,2025-01-30T07:06:56Z,"metalcore,djent,metal","Rise Records",0.32,0.953,11,-4.119,1,0.122,0.0000974,0.0162,0.0857,0.143,85.43,4
spotify:track:3t5GlWUzGSt2lPuiSEPBFG,"Soft Spine","Soft Spine","Spiritbox",2024-09-06,183990,59,false,bananaslug-10,2025-01-30T06:15:31Z,"metalcore,djent,metal","Rise Records",0.433,0.997,11,-3.692,0,0.174,0.0000243,0.0785,0.589,0.109,102,4
spotify:track:1LLiDI21J4WWlmqk7zsm9v,"Holy Roller","Eternal Blue","Spiritbox",2021-09-17,173174,64,false,bananaslug-10,2025-01-30T17:47:39Z,"metalcore,djent,metal","Rise Records",0.419,0.948,1,-5.944,1,0.0969,0.00097,0.0396,0.765,0.167,161.244,4
spotify:track:5LJmf4fMXEvO1PdlCBKwRz,"Rotoscope","Rotoscope","Spiritbox",2022-06-22,215362,56,false,bananaslug-10,2025-01-30T17:44:16Z,"metalcore,djent,metal","Rise Records",0.565,0.878,0,-4.521,0,0.0892,0.0000173,0.104,0.107,0.455,125.014,4
spotify:track:6EJwjtqOu69c0NRAk4RRcA,"Blessed Be","Blessed Be","Spiritbox",2020-02-28,245830,61,false,bananaslug-10,2025-01-30T17:41:22Z,"metalcore,djent,metal","Rise Records",0.484,0.918,5,-4.684,0,0.0671,0.000391,0.0291,0.105,0.399,105.045,4
spotify:track:4hvCxgioUiT85MCgfIhDP3,"Too Close / Too Late","The Fear of Fear","Spiritbox",2023-11-03,281052,53,false,bananaslug-10,2025-01-30T17:55:38Z,"metalcore,djent,metal","Rise Records",0.361,0.964,8,-4.59,0,0.173,0.000479,0.00199,0.137,0.216,151.879,4
spotify:track:2exVVVKvdymCwOFdvmA2bq,"The Void","The Void","Spiritbox",2023-04-19,220765,66,false,bananaslug-10,2025-02-05T21:17:17Z,"metalcore,djent,metal","Rise Records",0.408,0.985,10,-3.369,0,0.25,0.0000265,0.00227,0.471,0.33,144.063,4
spotify:track:1fhrF2KXBaTpznXWVKCWaa,"Silk In The Strings","Eternal Blue","Spiritbox",2021-09-17,177160,51,false,bananaslug-10,2025-04-27T21:04:13Z,"metalcore,djent,metal","Rise Records",0.485,0.987,1,-3.801,1,0.1,0.000619,0.00122,0.123,0.283,138.012,4
spotify:track:1wjpQiPQO8a1GDjhAD0gCo,"Constance","Eternal Blue","Spiritbox",2021-09-17,270546,53,false,bananaslug-10,2025-04-27T21:26:01Z,"metalcore,djent,metal","Rise Records",0.352,0.701,6,-6.955,0,0.0436,0.00182,0.0666,0.154,0.147,112.264,4
spotify:track:1l2AhmjfTTmo5lxTej3XcJ,"Angel Eyes","The Fear of Fear","Spiritbox",2023-11-03,208399,52,false,bananaslug-10,2025-04-27T21:46:28Z,"metalcore,djent,metal","Rise Records",0.461,0.984,7,-5.196,1,0.205,0.0000879,0.375,0.105,0.242,151.982,4
spotify:track:5AYeGLu0KlyZUe6bS2tgdh,"Ultraviolet","The Fear of Fear","Spiritbox",2023-11-03,248888,54,false,bananaslug-10,2025-04-27T21:53:13Z,"metalcore,djent,metal","Rise Records",0.425,0.807,4,-5.935,0,0.088,0.00795,0.000178,0.224,0.279,108.083,4
spotify:track:1rqBsqJrH76gXcSRcrWzWU,"Aphids","Spiritbox","Spiritbox",2017-10-27,276228,37,false,bananaslug-10,2025-04-28T15:13:20Z,"metalcore,djent,metal","Rise Records",0.255,0.986,10,-4.761,0,0.168,0.000018,0.465,0.263,0.24,123.254,4
spotify:track:5iC5TeP2eSGLzcH1OwOhG1,"Trust Fall","Singles Collection","Spiritbox",2019-06-14,319255,43,false,bananaslug-10,2025-04-28T15:35:25Z,"metalcore,djent,metal","Rise Records",0.484,0.944,1,-4.349,0,0.106,0.000992,0.0022,0.0459,0.138,120.053,4
spotify:track:4vtJnyP8ukIKcYZ7MhfBHJ,"Rule Of Nines","Rule Of Nines","Spiritbox",2019-11-29,211154,57,false,bananaslug-10,2025-04-28T15:49:01Z,"metalcore,djent,metal","Rise Records",0.268,0.949,1,-5.859,1,0.134,0.0000142,0.0759,0.314,0.261,116.375,4
spotify:track:1YQiA0Kfml44BqF68ZQ48n,"Sew Me Up","Rotoscope","Spiritbox",2022-06-22,211123,51,false,bananaslug-10,2025-04-28T15:54:02Z,"metalcore,djent,metal","Rise Records",0.483,0.947,7,-3.941,1,0.0553,0.0000182,0.00375,0.4,0.253,95.975,4
spotify:track:6ZsZxNP4Iwdyp3kd5oFFQN,"The Grudge","Lateralus","TOOL",2001-05-15,515080,63,false,bananaslug-10,2025-01-31T20:30:48Z,"progressive metal,alternative metal,progressive rock,metal","RCA Records Label",0.423,0.795,2,-7.408,1,0.0374,0.000162,0.843,0.269,0.307,96.045,5
spotify:track:0Cnx6PGogxIE2RnDcnoeK8,"Ticks & Leeches","Lateralus","TOOL",2001-05-15,487546,58,false,bananaslug-10,2025-01-31T20:39:57Z,"progressive metal,alternative metal,progressive rock,metal","RCA Records Label",0.344,0.717,9,-9.427,1,0.0639,0.0000938,0.793,0.0663,0.276,99.073,4
spotify:track:7tvuLLroI0n6uYBWuFig5d,"Lateralus","Lateralus","TOOL",2001-05-15,562706,68,false,bananaslug-10,2025-01-31T20:44:40Z,"progressive metal,alternative metal,progressive rock,metal","RCA Records Label",0.387,0.677,0,-8.399,1,0.084,0.00108,0.871,0.101,0.371,172.812,3
spotify:track:2D9rd6TIpqmDkog5Mx8kxl,"Triad","Lateralus","TOOL",2001-05-15,395906,52,false,bananaslug-10,2025-01-31T21:09:40Z,"progressive metal,alternative metal,progressive rock,metal","RCA Records Label",0.283,0.825,9,-9.289,0,0.0597,0.0000113,0.844,0.125,0.479,106.285,3
spotify:track:0qZ03ABKZsGbGhvh1zbbil,"Sun Killer","Eternal Blue","Spiritbox",2021-09-17,227477,70,false,bananaslug-10,2025-02-01T08:53:57Z,"metalcore,djent,metal","Rise Records",0.33,0.777,6,-6.316,1,0.0838,0.00315,0.00227,0.167,0.236,114.309,1
spotify:track:0RVFjx2HwbHcl5SCSADpFP,"Eulogy","Ænima","TOOL",1996-09-17,505146,62,true,bananaslug-10,2025-02-03T16:23:09Z,"progressive metal,alternative metal,progressive rock,metal","RCA Records Label",0.479,0.646,4,-9.059,0,0.148,0.00559,0.784,0.0985,0.356,180.738,3
spotify:track:6AioOohg4bQZFA4jIYQQ2r,"Forty Six & 2","Ænima","TOOL",1996-09-17,363066,74,false,bananaslug-10,2025-02-03T16:38:06Z,"progressive metal,alternative metal,progressive rock,metal","RCA Records Label",0.375,0.682,0,-6.898,0,0.0364,0.00152,0.598,0.0897,0.396,159.23,4
spotify:track:09KJ3XQZ9RQ5prbSp59Wbc,"Jimmy","Ænima","TOOL",1996-09-17,324426,56,false,bananaslug-10,2025-02-03T16:52:17Z,"progressive metal,alternative metal,progressive rock,metal","RCA Records Label",0.477,0.688,7,-8.256,0,0.0373,0.00746,0.213,0.131,0.455,126.3,3
spotify:track:6ZU9RJIZ0fNaFuQM57bDIA,"Bombtrack","Rage Against The Machine","Rage Against The Machine",1992-11-03,243760,54,true,bananaslug-10,2025-02-05T16:37:56Z,"rap metal,rap rock,alternative metal,nu metal","Epic",0.478,0.855,4,-7.438,0,0.121,0.0134,0.0000318,0.179,0.668,151.93,4
spotify:track:1IDAJagxB9AQjjYXaiDK1j,"Know Your Enemy","Rage Against The Machine","Rage Against The Machine",1992-11-03,294693,52,true,bananaslug-10,2025-02-05T17:06:27Z,"rap metal,rap rock,alternative metal,nu metal","Epic",0.574,0.765,4,-7.755,1,0.128,0.0141,0.00378,0.136,0.613,117.636,4
spotify:track:6zbHSDJjgrNdfIxPyGfPBt,"Wake Up","Rage Against The Machine","Rage Against The Machine",1992-11-03,364133,53,false,bananaslug-10,2025-02-05T17:10:15Z,"rap metal,rap rock,alternative metal,nu metal","Epic",0.411,0.823,7,-7.554,1,0.115,0.00316,0.0148,0.149,0.573,170.281,4
spotify:track:3YEk8mVdMI7rxtfimlUd1G,"Fistful of Steel","Rage Against The Machine","Rage Against The Machine",1992-11-03,331106,47,false,bananaslug-10,2025-02-05T17:19:57Z,"rap metal,rap rock,alternative metal,nu metal","Epic",0.52,0.755,4,-9.031,0,0.134,0.0195,0.34,0.0956,0.608,155.513,4
spotify:track:6HNWDjbome8TQp0rYRZTQS,"Cobra (Rock Remix) [feat. Spiritbox]","Cobra (Rock Remix) [feat. Spiritbox]","Megan Thee Stallion,Spiritbox",2023-11-08,186521,59,true,bananaslug-10,2025-02-07T22:36:19Z,"metalcore,djent,metal","Hot Girl Productions",0.564,0.928,7,-4.876,0,0.127,0.257,0,0.205,0.424,138.011,4
spotify:track:14iSCO87Qveq9UXCtN48Vm,"Fata Morgana","Tsunami Sea","Spiritbox",2025-03-07,261139,61,false,bananaslug-10,2025-03-09T10:03:23Z,"metalcore,djent,metal","Rise Records",0.229,0.957,6,-4.261,1,0.096,0.0000399,0.103,0.183,0.0694,116.807,3
spotify:track:3xNwSLvN6QsZ6BgUbQKRm3,"Black Rainbow","Tsunami Sea","Spiritbox",2025-03-07,204866,59,false,bananaslug-10,2025-03-09T10:07:14Z,"metalcore,djent,metal","Rise Records",0.205,0.993,6,-4.369,1,0.217,0.0000223,0.0261,0.403,0.224,148.881,4
spotify:track:7CoiOXsrfI58wUZBt45HgL,"Perfect Soul","Tsunami Sea","Spiritbox",2025-03-07,239640,65,false,bananaslug-10,2025-03-09T10:14:05Z,"metalcore,djent,metal","Rise Records",0.359,0.966,10,-3.9,0,0.0994,0.0000156,0.0337,0.198,0.289,103.744,4
spotify:track:0Sd7nAZakCLRPxAqfiFd9m,"Keep Sweet","Tsunami Sea","Spiritbox",2025-03-07,243522,63,false,bananaslug-10,2025-03-09T10:14:33Z,"metalcore,djent,metal","Rise Records",0.358,0.953,9,-3.502,0,0.123,0.0000373,0.00749,0.21,0.251,150.047,4
spotify:track:4bkPAARkDov1lV05emEF7a,"Soft Spine","Tsunami Sea","Spiritbox",2025-03-07,183990,63,false,bananaslug-10,2025-03-20T02:32:28Z,"metalcore,djent,metal","Rise Records",0.426,0.997,7,-3.838,1,0.154,0.0000155,0.0901,0.944,0.128,102.029,4
spotify:track:7bGzUyc4a949g2c0EIzMpx,"Tsunami Sea","Tsunami Sea","Spiritbox",2025-03-07,256466,59,false,bananaslug-10,2025-03-09T10:27:07Z,"metalcore,djent,metal","Rise Records",0.442,0.936,8,-3.776,0,0.0695,0.000017,0.0175,0.387,0.407,115.003,4
spotify:track:7z5VyHN6KeN1xF7y4uJ5Nq,"A Haven With Two Faces","Tsunami Sea","Spiritbox",2025-03-07,331653,56,false,bananaslug-10,2025-03-09T10:28:49Z,"metalcore,djent,metal","Rise Records",0.364,0.948,11,-3.571,1,0.0774,0.0000591,0.399,0.391,0.15,128.061,3
spotify:track:24sCYoOyqR880pCFfQsika,"Crystal Roses","Tsunami Sea","Spiritbox",2025-03-07,199960,55,false,bananaslug-10,2025-03-09T10:34:51Z,"metalcore,djent,metal","Rise Records",0.291,0.922,7,-4.174,0,0.121,0.04,0.194,0.12,0.188,165.031,4
spotify:track:3Fk6MqQs8k1pGV3PJ8jrkY,"Ride The Wave","Tsunami Sea","Spiritbox",2025-03-07,293066,57,false,bananaslug-10,2025-03-09T10:39:04Z,"metalcore,djent,metal","Rise Records",0.283,0.833,10,-4.036,0,0.0494,0.000172,0.124,0.177,0.263,178.057,4
spotify:track:158w8pSMF1Z13xzgHhGXRV,"Deep End","Tsunami Sea","Spiritbox",2025-03-07,227560,55,false,bananaslug-10,2025-03-09T10:44:05Z,"metalcore,djent,metal","Rise Records",0.333,0.89,3,-4.544,1,0.124,0.000135,0.289,0.0954,0.138,158.995,4
spotify:track:5NRpxJxtR6JkUhQS4F0um6,"Emergence","Emergence","Sleep Token",2025-03-13,386253,76,false,bananaslug-10,2025-03-13T22:19:15Z,"progressive metal,metalcore","Sleep Token/RCA Records",0.517,0.584,4,-6.729,0,0.035,0.0225,0.0000757,0.0826,0.162,126.106,4
spotify:track:2wwxE7Ww8UfcDtXCiLlnsB,"No Loss No Love","Tsunami Sea","Spiritbox",2025-03-07,176466,58,false,bananaslug-10,2025-03-20T02:32:31Z,"metalcore,djent,metal","Rise Records",0.594,0.942,8,-5.56,1,0.192,0.000194,0.135,0.107,0.249,137.035,4
spotify:track:4By7rlsQO5KBN9vWgSPHBa,"When the Bough Breaks","One","Sleep Token",2016-12-02,455474,62,false,bananaslug-10,2025-03-23T03:59:49Z,"progressive metal,metalcore","Sleep Token",0.377,0.52,9,-7.96,1,0.0432,0.00606,0.154,0.402,0.0977,136.984,4
spotify:track:6kxSspYgCP6DmpLwqmrZ3O,"Sugar","Sundowning","Sleep Token",2019-11-21,292000,69,false,bananaslug-10,2025-03-23T04:05:53Z,"progressive metal,metalcore","Spinefarm",0.59,0.669,11,-9.002,0,0.0315,0.123,0.000463,0.159,0.101,122.007,4
spotify:track:2GPdGwBnFfruzFbJPd7uQS,"Jaws","Jaws","Sleep Token",2018-06-04,355300,72,false,bananaslug-10,2025-03-23T04:11:07Z,"progressive metal,metalcore","Sleep Token",0.635,0.679,8,-8.593,0,0.0515,0.0137,0.000215,0.0708,0.307,138.034,4
spotify:track:1lXAzSbRH4VXrqgFuPQSFp,"The Offering","Sundowning","Sleep Token",2019-11-21,349653,70,false,bananaslug-10,2025-03-23T04:24:38Z,"progressive metal,metalcore","Spinefarm",0.476,0.846,6,-7.748,1,0.0444,0.00328,0.0798,0.0875,0.384,135.068,4
spotify:track:6x4AAZvDz156sNHfMsDCSx,"Gods","Sundowning","Sleep Token",2019-11-21,205480,62,true,bananaslug-10,2025-05-17T09:43:42Z,"progressive metal,metalcore","Spinefarm",0.521,0.924,1,-7.745,1,0.0836,0.00157,0.173,0.311,0.167,89.002,4
spotify:track:7kjcdiknoCUe0OeE3BIw9J,"Is It Really You?","Is It Really You?","Sleep Token,Loathe",2022-01-04,279593,66,false,bananaslug-10,2025-03-24T16:02:42Z,"progressive metal,metalcore,shoegaze","Spinefarm",0.204,0.124,9,-15.919,1,0.0354,0.94,0.00673,0.131,0.0976,197.417,3
spotify:track:2AqKRuEcR0R8iYkBWk5Uqj,"Hysteria","Rotoscope","Spiritbox",2022-06-22,224075,53,false,bananaslug-10,2025-04-04T08:18:32Z,"metalcore,djent,metal","Rise Records",0.423,0.938,11,-4.471,0,0.0798,0.0000173,0.0415,0.67,0.202,104.046,4
spotify:track:39bBo9c52p4bcUMWBbuOaO,"TYG (feat. Spiritbox)","MEGAN: ACT II","Megan Thee Stallion,Spiritbox",2024-10-25,147533,55,true,bananaslug-10,2025-04-15T00:57:09Z,"metalcore,djent,metal","Hot Girl Productions",0.729,0.823,10,-4.078,1,0.137,0.00577,0,0.221,0.595,140.02,4
spotify:track:1ulH5PIntNj0ro2K69W4Fx,"Damocles","Damocles","Sleep Token",2025-04-25,264836,75,false,bananaslug-10,2025-04-25T06:31:52Z,"progressive metal,metalcore","Sleep Token/RCA Records",0.536,0.594,6,-6.722,1,0.0319,0.0296,0.00000119,0.104,0.266,156.082,4
spotify:track:3AdXwuFn7j21HNiFMXvZXt,"Caramel","Caramel","Sleep Token",2025-04-04,290110,78,false,bananaslug-10,2025-04-25T06:43:53Z,"progressive metal,metalcore","Sleep Token/RCA Records",0.631,0.775,5,-5.385,0,0.0331,0.00432,0.00000917,0.061,0.29,94.01,4
spotify:track:50Rr3aPZNinnaTIbR7e3AG,"Gifted Every Strength","Gifted Every Strength","Loathe",2025-05-02,370111,62,false,bananaslug-10,2025-05-04T06:47:32Z,"shoegaze","SHARPTONE",0.272,0.916,9,-5.479,0,0.0608,0.0000249,0.7,0.163,0.431,123.051,3
spotify:track:4Lojbtk7XNMdSKRHSFbdkm,"Look To Windward","Even In Arcadia","Sleep Token",2025-05-09,466463,82,false,bananaslug-10,2025-05-09T06:14:15Z,"progressive metal,metalcore","Sleep Token/RCA Records",0.447,0.498,6,-9.125,0,0.0346,0.0279,0.000182,0.247,0.105,148.948,3
spotify:track:105Fwh9wijwT41rrfgSnrE,"Dangerous","Even In Arcadia","Sleep Token",2025-05-09,251373,83,false,bananaslug-10,2025-05-09T06:30:35Z,"progressive metal,metalcore","Sleep Token/RCA Records",0.212,0.571,11,-6.877,0,0.0415,0.00326,0,0.0954,0.114,73.566,4
spotify:track:4IixOTCzviJgIigKleiVbo,"Even In Arcadia","Even In Arcadia","Sleep Token",2025-05-09,268369,81,false,bananaslug-10,2025-05-09T06:44:51Z,"progressive metal,metalcore","Sleep Token/RCA Records",0.357,0.253,9,-11.402,0,0.0339,0.787,0.000894,0.352,0.0714,118.014,4
spotify:track:7JVAVLkkhpKOp8g4jX5Z12,"Provider","Even In Arcadia","Sleep Token",2025-05-09,365904,80,false,bananaslug-10,2025-05-09T06:44:59Z,"progressive metal,metalcore","Sleep Token/RCA Records",0.47,0.453,7,-7.323,0,0.0325,0.0128,0.00000714,0.177,0.174,147.949,4
spotify:track:29JLgNBcOky7QB68OrvYxO,"Gethsemane","Even In Arcadia","Sleep Token",2025-05-09,383400,82,false,bananaslug-10,2025-05-09T06:58:49Z,"progressive metal,metalcore","Sleep Token/RCA Records",0.378,0.599,1,-7.677,1,0.0361,0.00346,0.0000406,0.381,0.134,141.027,4
spotify:track:3lGs8BwNj35qaBx3uSOQdR,"Infinite Baths","Even In Arcadia","Sleep Token",2025-05-09,503258,78,false,bananaslug-10,2025-05-09T07:04:41Z,"progressive metal,metalcore","Sleep Token/RCA Records",0.459,0.759,6,-7.014,0,0.0415,0.00767,0.000683,0.0744,0.0989,149.01,4
spotify:track:1PYMTjGi39pXt8AkUkdKIA,"Two-Headed Trout","Two-Headed Trout/The Demon of Unreality Limping Like A Dog","The Callous Daoboys",2025-02-12,232631,43,true,bananaslug-10,2025-05-17T07:27:09Z,"mathcore,metalcore,post-hardcore","MNRK Music",0.333,0.842,6,-3.723,0,0.266,0.002,0,0.132,0.472,95.049,4
spotify:track:227jOVNY1MrE5MkUcQRhsk,"Pain Remains I: Dancing Like Flames","Pain Remains","Lorna Shore",2022-10-14,352560,66,false,bananaslug-10,2025-05-17T08:02:04Z,"deathcore,death metal,metal,metalcore","Century Media",0.29,0.799,1,-4.361,0,0.0679,0.000166,0.894,0.594,0.0351,125.021,4
spotify:track:7IpJQhwrB4OYTYwOCiOxIs,"Pain Remains II: After All I've Done I'll Disappear","Pain Remains","Lorna Shore",2022-10-14,336813,62,true,bananaslug-10,2025-05-17T08:07:42Z,"deathcore,death metal,metal,metalcore","Century Media",0.33,0.862,4,-2.611,0,0.0637,0.0000104,0.372,0.406,0.118,125.031,4
spotify:track:6wgKN7mUq1CvQBnQKzjeKt,"Pain Remains III: In a Sea of Fire","Pain Remains","Lorna Shore",2022-10-14,552613,60,true,bananaslug-10,2025-05-17T08:15:28Z,"deathcore,death metal,metal,metalcore","Century Media",0.181,0.839,4,-4.733,0,0.083,0.000202,0.659,0.0919,0.0433,135.13,4
spotify:track:2oATCcD9fZwYnuQCXIbHSi,"Distracted by The Mona Lisa","I Don’t Want to See You in Heaven","The Callous Daoboys",2025-05-16,214951,49,false,bananaslug-10,2025-05-18T08:20:44Z,"mathcore,metalcore,post-hardcore","MNRK Music",0.477,0.965,1,-3.229,1,0.113,0.000381,0.0000046,0.332,0.317,93.96,4
spotify:track:031dSGnIbvmnSoeRhAXbAD,"Schizophrenia Legacy","I Don’t Want to See You in Heaven","The Callous Daoboys",2025-05-16,293295,50,false,bananaslug-10,2025-05-19T07:04:59Z,"mathcore,metalcore,post-hardcore","MNRK Music",0.305,0.881,7,-4.285,1,0.253,0.00251,0.00000462,0.381,0.119,172.133,4
spotify:track:3MlTKyXs4oP2yed9lhp09X,"Tears on Lambo Leather","I Don’t Want to See You in Heaven","The Callous Daoboys,Orthodox,Adam Easterling",2025-05-16,227960,49,true,bananaslug-10,2025-05-19T07:17:00Z,"mathcore,metalcore,post-hardcore,hardcore,deathcore","MNRK Music",0.378,0.964,1,-3.558,1,0.429,0.00117,0.00000534,0.0618,0.343,90.114,4
spotify:track:5wrGIzD2bTomAcZU6WhGjj,"Lemon","I Don’t Want to See You in Heaven","The Callous Daoboys",2025-05-16,231834,52,false,bananaslug-10,2025-05-19T07:20:38Z,"mathcore,metalcore,post-hardcore","MNRK Music",0.782,0.812,0,-6.649,1,0.0774,0.0232,0.000148,0.351,0.399,118.013,4
spotify:track:1QfaQqJhigiq82r4FCYfMW,"Body Horror for Birds","I Don’t Want to See You in Heaven","The Callous Daoboys,1ST VOWS",2025-05-16,337914,48,false,bananaslug-10,2025-05-19T07:26:54Z,"mathcore,metalcore,post-hardcore,retro soul","MNRK Music",0.571,0.66,0,-10.409,0,0.039,0.0128,0.000445,0.151,0.104,118.036,4
spotify:track:14EuELXdHDP7l4pJI8afRp,"The Demon of Unreality Limping Like a Dog","I Don’t Want to See You in Heaven","The Callous Daoboys",2025-05-16,225184,47,true,bananaslug-10,2025-05-19T07:28:47Z,"mathcore,metalcore,post-hardcore","MNRK Music",0.565,0.953,7,-3.315,1,0.137,0.00128,0.0000783,0.106,0.3,91.996,4
spotify:track:56UYbVenraAMKtPv0cMznJ,"Idiot Temptation Force","I Don’t Want to See You in Heaven","The Callous Daoboys",2025-05-16,236120,47,true,bananaslug-10,2025-05-19T07:32:45Z,"mathcore,metalcore,post-hardcore","MNRK Music",0.318,0.941,4,-3.571,0,0.309,0.0138,0.00000326,0.766,0.225,117.959,3
spotify:track:6hrcFFJ25bKycIO4s2qRU6,"Douchebag Safari","I Don’t Want to See You in Heaven","The Callous Daoboys",2025-05-16,206603,46,true,bananaslug-10,2025-05-19T07:36:25Z,"mathcore,metalcore,post-hardcore","MNRK Music",0.302,0.917,0,-4.828,1,0.464,0.0119,0,0.673,0.0835,173.915,4
spotify:track:1ysPiPm87s9tJqtAcvHXOB,"III. Country Song in Reverse","I Don’t Want to See You in Heaven","The Callous Daoboys,low before the breeze",2025-05-16,708006,45,false,bananaslug-10,2025-05-19T07:54:47Z,"mathcore,metalcore,post-hardcore,screamo","MNRK Music",0.359,0.701,11,-5.522,0,0.0765,0.00184,0.000762,0.114,0.106,122.806,5
spotify:track:0ktqowpZZ3losVs1xUf9lg,"Pushing The Pink Envelope","Pushing The Pink Envelope","The Callous Daoboys",2023-09-22,251684,40,true,bananaslug-10,2025-05-19T07:57:15Z,"mathcore,metalcore,post-hardcore","MNRK Music",0.317,0.952,4,-3.286,0,0.341,0.000682,0.00000148,0.689,0.184,177.022,4
spotify:track:6p5duPGjAdVYLq2kOGXYUD,"Tonight (demo)","Tonight (demo)","Amira Elfeky",2023-07-15,194666,65,false,bananaslug-10,2025-05-19T09:11:06Z,"shoegaze","Anemoia/Atlantic",0.333,0.939,3,-4.879,0,0.11,0.000802,0.00289,0.15,0.195,179.973,4
spotify:track:2iiBRLeAWVr20kf1XN4zZu,"Secrets","Skin to Skin","Amira Elfeky",2024-03-29,191439,57,false,bananaslug-10,2025-05-19T09:15:16Z,"shoegaze","Anemoia/Atlantic",0.433,0.881,0,-4.525,0,0.0575,0.00405,0.00702,0.0948,0.462,95.046,4
spotify:track:6dBlzhUWM6VKH50VBhBd2V,"A Line in the Dust","The Darkest Place I've Ever Been","LANDMVRKS,While She Sleeps,Mat Welsh",2025-04-25,235443,61,false,bananaslug-10,2025-05-30T07:27:28Z,"metalcore,deathcore,metal,post-hardcore","Arising Empire",0.435,0.949,8,-3.522,1,0.0773,0.000237,0,0.0921,0.284,158.054,4
spotify:track:7lbCudHL7GkdPneBUaNWDn,"Blood Red","The Darkest Place I've Ever Been","LANDMVRKS",2025-04-25,209146,60,false,bananaslug-10,2025-05-30T07:30:13Z,"metalcore,deathcore,metal","Arising Empire",0.524,0.906,9,-3.87,1,0.131,0.0152,0,0.0613,0.168,140.087,4
spotify:track:5SnniG86unNgTonVIQucKj,"Sulfur","The Darkest Place I've Ever Been","LANDMVRKS",2025-04-25,206180,62,false,bananaslug-10,2025-05-30T07:33:14Z,"metalcore,deathcore,metal","Arising Empire",0.539,0.961,11,-3.066,0,0.0986,0.000121,0,0.123,0.32,129.947,4
spotify:track:3ekSwG9tFqkVVr8SdAi4Ep,"Sombre 16","The Darkest Place I've Ever Been","LANDMVRKS",2025-04-25,70303,51,false,bananaslug-10,2025-05-30T07:37:17Z,"metalcore,deathcore,metal","Arising Empire",0.675,0.934,4,-8.648,0,0.112,0.583,0.00000821,0.115,0.582,99.088,4
spotify:track:1MVCusu7dagBEe33xBoLPr,"The Great Unknown","The Darkest Place I've Ever Been","LANDMVRKS",2025-04-25,187743,56,false,bananaslug-10,2025-05-30T07:38:40Z,"metalcore,deathcore,metal","Arising Empire",0.503,0.932,1,-4.26,0,0.0496,0.000413,0,0.109,0.113,107.005,4
spotify:track:3Hp1CwSkbjtHqjtp7RcWg3,"La Valse Du Temps","The Darkest Place I've Ever Been","LANDMVRKS",2025-04-25,326920,57,false,bananaslug-10,2025-05-30T07:41:56Z,"metalcore,deathcore,metal","Arising Empire",0.449,0.848,1,-5.346,0,0.0398,0.00594,0,0.0881,0.0804,92.412,3
spotify:track:0fcxvCZrkbvsusfio4N7LD,"Deep Inferno","The Darkest Place I've Ever Been","LANDMVRKS",2025-04-25,212149,58,true,bananaslug-10,2025-05-30T07:46:36Z,"metalcore,deathcore,metal","Arising Empire",0.48,0.973,6,-3.369,0,0.108,0.000247,0.00000686,0.0436,0.257,155.107,4
spotify:track:3mBkZYZ7zj7WqB79PobaGn,"Requiem","The Darkest Place I've Ever Been","LANDMVRKS",2025-04-25,240868,58,true,bananaslug-10,2025-05-30T07:51:34Z,"metalcore,deathcore,metal","Arising Empire",0.375,0.95,6,-4.057,0,0.1,0.000975,0.0000422,0.122,0.04,174.733,4
spotify:track:3VSmxfoGlLGSeyMDyJp6QN,"Chimera (feat. Lil West)","Remember That You Will Die","Polyphia,Lil West",2022-10-28,236653,52,true,bananaslug-10,2025-06-02T06:37:38Z,"math rock,djent,progressive metal,progressive rock","Rise Records",0.664,0.835,8,-4.858,1,0.0442,0.0359,0.128,0.185,0.485,105.019,4
spotify:track:3EdP6zXUdiqg4135AtFoCI,"Make Me Disappear","Make Me Disappear","Dark Divine",2025-05-23,203667,55,false,bananaslug-10,2025-06-02T16:57:18Z,"metalcore","Thriller Records",0.474,0.915,10,-4.264,0,0.0854,0.000247,0.00333,0.53,0.278,104.994,4
spotify:track:7l4wNICRX17OKODI9l4yB6,"Cold","Deadly Fun","Dark Divine",2023-09-08,221298,54,false,bananaslug-10,2025-06-02T17:01:34Z,"metalcore","Thriller Records",0.392,0.865,4,-4.638,0,0.0425,0.000522,0.000346,0.249,0.128,169.9,4
spotify:track:5cCzoeB8yxcJEnaXqnt9Bt,"Burn The Witch","Deadly Fun (Deluxe Edition)","Dark Divine",2024-10-04,200300,48,true,bananaslug-10,2025-06-02T17:06:18Z,"metalcore","Thriller Records",0.464,0.959,2,-3.723,1,0.148,0.000178,0.0806,0.339,0.281,91.622,4
spotify:track:6mBSftiuToVdornRneG2fm,"Paper Crown","Deadly Fun","Dark Divine,Fame on Fire,Bryan Kuznitz",2023-09-08,173488,45,false,bananaslug-10,2025-06-02T17:09:02Z,"metalcore","Thriller Records",0.513,0.937,9,-4.405,0,0.0947,0.00121,0,0.375,0.531,122.097,4
spotify:track:6DmmOC2WoIqyl8eSxp7BOV,"Moving On","Deadly Fun","Dark Divine",2023-09-08,196454,43,false,bananaslug-10,2025-06-02T17:15:13Z,"metalcore","Thriller Records",0.362,0.873,10,-5.014,0,0.0601,0.000312,0.00000806,0.157,0.341,165.043,4
spotify:track:05xErRQreo7yQCTXVnNvv7,"Drown","Deadly Fun","Dark Divine",2023-09-08,208837,48,true,bananaslug-10,2025-06-02T17:19:22Z,"metalcore","Thriller Records",0.549,0.952,1,-4.415,1,0.0738,0.00313,0.00496,0.134,0.373,112.021,4
spotify:track:6diOGgX1E4bsFCqTCUMdjX,"Deadly Fun","Deadly Fun","Dark Divine",2023-09-08,217720,36,true,bananaslug-10,2025-06-02T17:25:15Z,"metalcore","Thriller Records",0.479,0.973,5,-4.211,1,0.113,0.00163,0.0000597,0.368,0.211,120.031,4
spotify:track:1BQfRy55hOtiirLxNUXMt9,"Terrifier","Deadly Fun","Dark Divine",2023-09-08,193792,40,false,bananaslug-10,2025-06-02T17:25:19Z,"metalcore","Thriller Records",0.464,0.978,1,-3.873,1,0.0994,0.00138,0.00000238,0.162,0.345,95.054,4
spotify:track:70A7yZlanVP2nEVly0F8EB,"Grave Digger","Deadly Fun","Dark Divine",2023-09-08,177296,35,false,bananaslug-10,2025-06-02T17:34:24Z,"metalcore","Thriller Records",0.486,0.926,2,-3.141,0,0.0643,0.00129,0,0.0655,0.421,95.062,4
spotify:track:53QkoELbY2Vzzb4EMkFJOB,"Temptation","Heaven in Hiding","Imminence",2021-11-26,223187,60,false,bananaslug-10,2025-06-04T08:33:34Z,"metalcore,metal,deathcore","Arising Empire",0.249,0.93,2,-4.23,1,0.0877,0.00169,0.024,0.175,0.196,180.125,4
spotify:track:7Aq4xs7pcJzKHczATqmiOY,"Infectious","Turn the Light On","Imminence",2019-05-03,232493,59,false,bananaslug-10,2025-06-04T08:37:57Z,"metalcore,metal,deathcore","Arising Empire",0.542,0.906,4,-6.064,0,0.0829,0.00114,0.0000874,0.108,0.375,120.002,4
spotify:track:68OfR28SM9D06I3UfGC2p9,"Erase","Turn the Light On","Imminence",2019-05-03,223089,57,false,bananaslug-10,2025-06-04T08:41:13Z,"metalcore,metal,deathcore","Arising Empire",0.341,0.975,1,-4.713,0,0.0984,0.0000442,0.000087,0.0879,0.132,154.961,4
spotify:track:26ANXDR5NMNiSZG657PPd7,"My Own Grave","Shaped By Fire","As I Lay Dying",2019-09-20,253317,60,false,bananaslug-10,2025-06-04T08:45:21Z,"metalcore,metal,deathcore","As I Lay Dying",0.474,0.995,5,-4.124,0,0.249,0.000113,0.00835,0.0519,0.0416,125.045,4
spotify:track:3VnBhHJdT7p05Wtenu4fmt,"Mr. Highway's Thinking About The End","Homesick","A Day To Remember",2009-02-03,255826,67,false,bananaslug-10,2025-06-08T05:25:57Z,"metalcore,post-hardcore,pop punk,screamo,emo","Victory Records",0.301,0.916,10,-6.218,0,0.0919,0.000132,0.0000184,0.293,0.451,150.091,4
spotify:track:1EZ35gYHH03sSYn9f1zpLc,"on the verge","EXCESSIVE GUILT","thrown",2024-08-30,134400,66,true,bananaslug-10,2025-06-10T00:24:19Z,"metalcore,deathcore","Arising Empire",0.536,0.97,2,-2.317,1,0.157,0.00013,0.0292,0.308,0.709,99.915,4
spotify:track:1S0z4FLaviCksg3qusRhuz,"guilt","EXCESSIVE GUILT","thrown",2024-08-30,156024,60,true,bananaslug-10,2025-06-10T00:25:42Z,"metalcore,deathcore","Arising Empire",0.207,0.99,10,-2.902,0,0.239,0.0000284,0.0531,0.308,0.46,88.404,4
spotify:track:7CmuIJZ7tKAw0ZqWpLAVi1,"grayout","EXTENDED PAIN","thrown",2022-03-23,120155,56,true,bananaslug-10,2025-06-10T00:28:31Z,"metalcore,deathcore","Arising Empire",0.407,0.985,10,-2.19,0,0.139,0.0000201,0.00533,0.226,0.376,80.242,4
spotify:track:4zkKwwSVUA6pDWL9F8Apky,"backfire","EXCESSIVE GUILT","thrown",2024-08-30,120064,58,true,bananaslug-10,2025-06-10T08:31:35Z,"metalcore,deathcore","Arising Empire",0.422,0.976,8,-2.569,1,0.199,0.000152,0.0146,0.355,0.707,159.988,4
spotify:track:6CpQSfRhXNm5O0cRoXJIh8,"dwell","EXTENDED PAIN","thrown",2022-03-23,107128,53,true,bananaslug-10,2025-06-10T08:34:18Z,"metalcore,deathcore","Arising Empire",0.346,0.983,4,-2.023,1,0.156,0.0000509,0.00888,0.102,0.466,199.967,4
spotify:track:2HlRU7EtN2djJVxQqHz8tr,"new low","EXTENDED PAIN","thrown",2022-03-23,158792,52,true,bananaslug-10,2025-06-11T01:58:10Z,"metalcore,deathcore","Arising Empire",0.31,0.995,5,-2.771,1,0.201,0.000295,0.00146,0.378,0.207,200.088,4
spotify:track:0hKjGGWCAthLTNAbO5drvs,"Heaven Shall Burn","The Black","Imminence",2024-04-12,247473,56,false,bananaslug-10,2025-06-14T07:37:06Z,"metalcore,metal,deathcore","Imminence",0.347,0.967,8,-3.92,1,0.128,0.000291,0.00125,0.065,0.159,107.488,4
spotify:track:5oB8lvHx6Ww4QC02EBUjRc,"Beyond the Pale","The Black","Imminence",2024-04-12,253863,53,false,bananaslug-10,2025-06-14T07:40:13Z,"metalcore,metal,deathcore","Imminence",0.35,0.963,7,-3.473,1,0.114,0.00054,0.00313,0.0841,0.151,89.952,4
spotify:track:0OVbVFdrOrNtyrhjoTqJPO,"The Call of the Void","The Black","Imminence",2024-04-12,231161,48,false,bananaslug-10,2025-06-14T07:59:11Z,"metalcore,metal,deathcore","Imminence",0.275,0.933,8,-3.303,0,0.114,0.0000792,0.00129,0.157,0.167,154.984,4
spotify:track:4g4byRNvlCBXrycixNFNcx,"Continuum","The Black","Imminence",2024-04-12,260820,45,false,bananaslug-10,2025-06-14T08:04:50Z,"metalcore,metal,deathcore","Imminence",0.123,0.841,9,-4.194,1,0.101,0.000232,0.0219,0.125,0.159,179.663,3
spotify:track:57yz82UQU8ggCxQbQN3xcU,"The Black","The Black","Imminence",2024-04-12,370464,59,false,bananaslug-10,2025-06-14T08:13:36Z,"metalcore,metal,deathcore","Imminence",0.24,0.676,2,-5.417,1,0.0538,0.00293,0.0189,0.0812,0.156,180.088,3
spotify:track:2Uq8o3398JlRbWdpvObYii,"God Fearing Man","The Return of The Black","Imminence",2025-03-07,319980,65,false,bananaslug-10,2025-06-14T08:23:23Z,"metalcore,metal,deathcore","Imminence",0.284,0.699,1,-5.269,1,0.0397,0.000638,0.448,0.124,0.0392,119.84,4
spotify:track:7oGCVuPEyp6m6DhXkU5Pfs,"Without Me","Dark Sun","Dayseeker",2022-11-04,224800,69,true,bananaslug-10,2025-06-14T18:29:24Z,"metalcore,post-hardcore","Spinefarm",0.421,0.819,1,-3.928,0,0.0403,0.0145,0,0.0911,0.17,92.602,4
spotify:track:1IQA1li1Io3D5WY6RNekD6,"Pale Moonlight","Pale Moonlight","Dayseeker",2025-04-23,220000,71,false,bananaslug-10,2025-06-14T18:33:12Z,"metalcore,post-hardcore","Spinefarm",0.429,0.892,2,-4.537,1,0.236,0.000477,0.000001,0.0701,0.242,75.037,4
spotify:track:62myDdLehDJdH4PG9gIt2x,"DIESEL","BODIES","Thornhill",2025-04-04,130500,53,false,bananaslug-10,2025-06-21T07:15:56Z,"metalcore,djent","UNFD",0.475,0.937,2,-5.4,1,0.0545,0.00000731,0.166,0.0917,0.529,133.035,3
spotify:track:0c5LR1RdTl6LXYVRHcGee5,"Silver Swarm","BODIES","Thornhill",2025-04-04,273524,58,false,bananaslug-10,2025-06-21T07:21:56Z,"metalcore,djent","UNFD",0.488,0.893,10,-6.254,0,0.0773,0.000276,0.0455,0.105,0.168,105.036,4
spotify:track:48Y6xWm5ayoOPfEhKNJQxt,"TONGUES","BODIES","Thornhill",2025-04-04,171434,56,false,bananaslug-10,2025-06-21T07:32:35Z,"metalcore,djent","UNFD",0.437,0.961,8,-4.225,1,0.0804,0.0000158,0.0155,0.343,0.2,91.019,4
spotify:track:1mK4v6sSCbKR2mMAWG2zMy,"Obsession","BODIES","Thornhill",2025-04-04,197674,60,false,bananaslug-10,2025-06-21T07:56:34Z,"metalcore,djent","UNFD",0.394,0.874,5,-4.827,0,0.0533,0.0000131,0.29,0.334,0.486,78.051,4
spotify:track:1fyHEYD5nCPYILDtsuOre9,"under the knife","BODIES","Thornhill",2025-04-04,238970,54,false,bananaslug-10,2025-06-21T07:46:47Z,"metalcore,djent","UNFD",0.467,0.946,0,-5.866,0,0.0776,0.000318,0.0502,0.335,0.369,103.018,4
spotify:track:0Gg9krMVwwsTC3URfYb7Hc,"For Now","BODIES","Thornhill",2025-04-04,245101,54,false,bananaslug-10,2025-06-21T07:57:16Z,"metalcore,djent","UNFD",0.446,0.587,10,-7.205,0,0.0298,0.0104,0.321,0.106,0.049,95.951,4
spotify:track:3lfX7NlM4Ta9ie0I6Ddt4Y,"nerv","BODIES","Thornhill",2025-04-04,192611,56,true,bananaslug-10,2025-06-22T07:58:32Z,"metalcore,djent","UNFD",0.405,0.965,8,-4.831,1,0.296,0.000338,0.000265,0.861,0.152,157.122,4
spotify:track:6WLYxpOiVsiOn6nWijTIpu,"Arkangel","Heroine","Thornhill",2022-06-03,250960,50,false,bananaslug-10,2025-06-23T14:21:31Z,"metalcore,djent","Epitaph",0.475,0.979,11,-4.998,0,0.0908,0.0000897,0.0619,0.318,0.114,105.003,4
spotify:track:1FwiT3BtuesIkm9WQgi5ky,"Casanova","Heroine","Thornhill",2022-06-03,238453,45,false,bananaslug-10,2025-06-23T14:28:54Z,"metalcore,djent","Epitaph",0.533,0.98,9,-3.725,1,0.122,0.0000114,0.0232,0.378,0.314,120.012,4
spotify:track:4gELxlWiK6bE3MCugUcefl,"A Crooked Melody","The Noble Art Of Self Destruction","Holding Absence",2023-08-25,233932,57,false,bananaslug-10,2025-06-24T05:38:23Z,"metalcore,post-hardcore,melodic hardcore","SHARPTONE",0.391,0.923,2,-5.546,0,0.0468,0.0000469,0.0000476,0.328,0.46,174.081,4
spotify:track:4jM5B0X8sIZY7GVJuEOdFR,"CRUSH","BODIES","Thornhill",2025-04-04,191924,49,false,bananaslug-10,2025-06-27T14:21:58Z,"metalcore,djent","UNFD",0.324,0.459,9,-10.462,0,0.0536,0.314,0.0408,0.214,0.0706,119.915,4
spotify:track:5hPjTibz6wInfJQvImFp9I,"Don't Reach For Me","You Won't Go Before You're Supposed To","Knocked Loose",2024-05-10,225240,61,true,bananaslug-10,2025-07-03T05:17:59Z,"hardcore,metalcore,deathcore,hardcore punk","Pure Noise Records",0.349,0.959,1,-2.594,0,0.284,0.0000794,0.00107,0.174,0.154,144.959,3
spotify:track:12KkNzIniU4U2LAHNgVDvw,"Blinding Faith","You Won't Go Before You're Supposed To","Knocked Loose",2024-05-10,171090,62,false,bananaslug-10,2025-06-27T15:54:03Z,"hardcore,metalcore,deathcore,hardcore punk","Pure Noise Records",0.261,0.962,9,-2.54,1,0.226,0.0000145,0.0193,0.215,0.218,165.887,4
spotify:track:7sSnydn10cmiEDOd4hPKxU,"Piece By Piece","You Won't Go Before You're Supposed To","Knocked Loose",2024-05-10,171176,54,false,bananaslug-10,2025-06-27T16:00:52Z,"hardcore,metalcore,deathcore,hardcore punk","Pure Noise Records",0.244,0.97,9,-1.838,1,0.237,0.0000135,0.00292,0.522,0.115,174.752,4
spotify:track:6XpWCxEdQDbHygtWnBY9Eu,"Everything is Quiet Now","Upon Loss Singles","Knocked Loose",2023-06-14,215567,57,false,bananaslug-10,2025-07-03T05:58:11Z,"hardcore,metalcore,deathcore,hardcore punk","Pure Noise Records",0.375,0.981,9,-3.242,0,0.246,0.000648,0.0285,0.246,0.147,128.163,4
spotify:track:3IXBQaQJ5ljpWwndAVvixg,"Slaughterhouse 2 (feat. Chris Motionless)","You Won't Go Before You're Supposed To","Knocked Loose,Motionless In White,Chris Motionless",2024-05-10,183721,59,false,bananaslug-10,2025-07-03T05:58:16Z,"hardcore,metalcore,deathcore,hardcore punk,metal,screamo","Pure Noise Records",0.296,0.996,4,-1.799,1,0.271,0.0000236,0.00021,0.305,0.112,143.983,4
