name,uri,genres,albums,tracks,last_album_date,first_album_date,popularity,followers,playlist_count,spotify_url,image_320,lastfm_listeners,lastfm_playcount,personal_playcount,lastfm_tags,summary
Bryan Kuznitz,spotify:artist:4eMCK8Y88T54ZqWYnU51r5,[],0,0,,,27,104,1,https://open.spotify.com/artist/4eMCK8Y88T54ZqWYnU51r5,[],3,6,0,[]," <a href=""https://www.last.fm/music/Bryan+Kuznitz"">Read more on Last.fm</a>"
grandson,spotify:artist:4ZgQDCtRqZlhLswVS6MHN4,[],2,24,2023-05-05,2020-12-04,66,1206354,6,https://open.spotify.com/artist/4ZgQDCtRqZlhLswVS6MHN4,https://i.scdn.co/image/ab676161000051741e5c7968999985162cad7042,715458,20897336,62,"['indie rock', 'alternative rock', 'alternative', 'seen live', 'trap']","Grandson is an alternative artist hailing from Toronto, Canada. Born in the small town of Englewood New Jersey, he relocated to the cultural melting pot of Toronto at a young age, and grew up surrounded by music ranging from jazz to rock and roll to rap, dancehall and r&b. He began playing guitar and piano in high school.

At 17, he relocated to Montreal, QC to attend university, and began working in nightclubs cleaning tables and DJing. He started writing music at this time, incorporating the unique blend of sounds he grew up surrounded by. <a href=""https://www.last.fm/music/Grandson"">Read more on Last.fm</a>"
Noah Sebastian,spotify:artist:3w0i7biKO0q6DGVXCKzhj9,[],0,0,,,33,1314,1,https://open.spotify.com/artist/3w0i7biKO0q6DGVXCKzhj9,[],28,217,0,[],"Noah Sebastian Davis (born October 31, 1995 in Richmond, Virginia, US) is an American singer and songwriter, better known as singer and frontman of metalcore band Bad Omens. <a href=""https://www.last.fm/music/Noah+Sebastian"">Read more on Last.fm</a>"
Thornhill,spotify:artist:2dE5audbkV3o5cKxvM7lBD,"['metalcore', 'djent']",5,59,2025-04-04,2019-10-25,57,162050,10,https://open.spotify.com/artist/2dE5audbkV3o5cKxvM7lBD,https://i.scdn.co/image/ab676161000051741b292d70780f166fd776b295,160864,10548682,425,"['metalcore', 'alternative metal', 'Progressive Metalcore', 'australian', 'Progressive metal']","After the band – comprising of Jacob Charlton (vocals), Ethan McCann (guitar), Ben Maida (drums), Nick Sjogren (bass) and Matt Van Duppen (guitar) – graduated from high school, Thornhill played their first show with Hellions. As a collective, they were only three months old at the time, but they grew rapidly from there, finding themselves on triple j rotation and scoring Unearthed Feature Artist in November 2017. <a href=""https://www.last.fm/music/Thornhill"">Read more on Last.fm</a>"
Lil West,spotify:artist:59dLTffLsw2ljmCiD8O1JX,[],3,25,2023-04-14,2019-03-15,41,24186,1,https://open.spotify.com/artist/59dLTffLsw2ljmCiD8O1JX,https://i.scdn.co/image/ab676161000051746bebe7768c2163364ab13b2b,41233,402891,0,"['Hip-Hop', 'rap', 'emo', 'underground hip-hop', 'trap']","22 year old Delaware rapper Lil West is an artist most known for his single 'Somedays' and later the project 'Vex Part 1'. Since then he has released one other full project, 'Vex Part 2'. Along with these projects, Lil West has been featured on songs with artists like, 100 Gecs.  <a href=""https://www.last.fm/music/Lil+West"">Read more on Last.fm</a>"
Tony Lovato,spotify:artist:0oq5amctoLfcLsI9BJQJsS,[],0,0,,,31,162,1,https://open.spotify.com/artist/0oq5amctoLfcLsI9BJQJsS,[],33,116,0,[],"he was in mest, before they broke up.  Now he is the lead singer of A Permanent Holiday. <a href=""https://www.last.fm/music/Tony+Lovato"">Read more on Last.fm</a>"
Jonathan Davis,spotify:artist:1VW5tZ9pmSb2rG0GmSELwW,[],3,54,2018-05-25,2002-07-04,48,230281,1,https://open.spotify.com/artist/1VW5tZ9pmSb2rG0GmSELwW,https://i.scdn.co/image/ab67616100005174d5ef5c2c25560e52e6298664,189203,2098572,0,"['Nu Metal', 'alternative', 'metal', 'rock', 'Korn']","There are two individuals known by the name Jonathan Davis: one is the lead vocalist of the American band Korn, and the other is an award-winning voice actor and audiobook narrator.

Jonathan Houseman Davis (born January 18, 1971) is an American musician best known as the lead vocalist for the nu metal band Korn. He was born and raised in Bakersfield, California, and lived there with his father and stepmother.

In addition to his role as vocalist, Davis has also contributed to the band by playing instruments such as the bagpipes and guitar. <a href=""https://www.last.fm/music/Jonathan+Davis"">Read more on Last.fm</a>"
Chris Motionless,spotify:artist:2bulKOP1y1iUYGE6FcMrHd,['metalcore'],0,0,,,45,9655,1,https://open.spotify.com/artist/2bulKOP1y1iUYGE6FcMrHd,https://i.scdn.co/image/ab67616d00001e020e2a7df8657304b79622da75,136,1261,0,"['us', 'best voices in the universe', 'Chris Motionless']"," <a href=""https://www.last.fm/music/Chris+Motionless"">Read more on Last.fm</a>"
ERRA,spotify:artist:2UoOdQyBGyzrEfxcY77ce0,"['djent', 'metalcore', 'progressive metal', 'metal', 'deathcore', 'post-hardcore']",8,97,2024-04-05,2011-11-30,56,302800,1,https://open.spotify.com/artist/2UoOdQyBGyzrEfxcY77ce0,https://i.scdn.co/image/ab67616100005174706b4eb4746d2bfe6943de3e,186472,13076613,2,"['Progressive Metalcore', 'metalcore', 'melodic metalcore', 'Technical Metalcore', 'post-hardcore']","1. Erra (stylized as ERRA) is a progressive metalcore band hailing from Birmingham, AL. Erra was founded in 2009 and to date they have released 3 EPs and 5 full length albums. The name ""Erra"" comes from the god of mayhem in Akkadian mythology; their song 'Seven' on the album""Impulse"" tells some of the epic of Erra.

Current Lineup:
Heavy Vocals - J.T. Cavey
Guitar/Clean Vocals - Jesse Cash
Drums - Alex Ballew
Bass - Conor Hesse
Guitar - Clint Tustin <a href=""https://www.last.fm/music/Erra"">Read more on Last.fm</a>"
Sleep Token,spotify:artist:2n2RSaZqBuUUukhbLlpnE6,"['progressive metal', 'metalcore']",7,84,2025-05-09,2019-11-21,85,2512594,36,https://open.spotify.com/artist/2n2RSaZqBuUUukhbLlpnE6,https://i.scdn.co/image/ab67616100005174d00c2ff422829437e6b5f1e0,636454,102716286,3216,"['Progressive metal', 'alternative metal', 'Progressive rock', 'DJENT', 'seen live']","Sleep Token is a British progressive rock band from London, England, formed in 2016. The group is an anonymous, masked collective led by a frontman using the moniker Vessel. The band blend many styles, including progressive metal/rock, alternative metal/rock, post-metal, djent and indie rock. 

After self-releasing their debut extended play (EP) One in 2016, the band signed with Basick Records and issued a follow-up, Two, the next year. The group later signed with Spinefarm Records and released their debut full-length album Sundowning in 2019 <a href=""https://www.last.fm/music/Sleep+Token"">Read more on Last.fm</a>"
Sam Kubrick,spotify:artist:2ls8W3982sP36oyfSRQ6DR,[],0,0,,,31,164,1,https://open.spotify.com/artist/2ls8W3982sP36oyfSRQ6DR,https://i.scdn.co/image/ab67616d00001e0263c74ee64e880e46eabd1eb7,4,4,0,[]," <a href=""https://www.last.fm/music/Sam+Kubrick"">Read more on Last.fm</a>"
The Plot In You,spotify:artist:1cJ5tVoeAEFcZBAwSZ0CtF,['metalcore'],6,61,2021-09-17,2010-07-13,67,551988,7,https://open.spotify.com/artist/1cJ5tVoeAEFcZBAwSZ0CtF,https://i.scdn.co/image/ab67616100005174e37f236d6cb6e194c88660ab,356144,15839337,258,"['metalcore', 'post-hardcore', 'hardcore', 'deathcore', 'melodic metalcore']","The Plot in You is an American metalcore band formed in 2010 in Hancock County, Ohio. Originally a side project of former Before Their Eyes member Landon Tewers, the group is composed of Tewers, guitarist Josh Childress, bassist Ethan Yoder and drummer Michael Cooper.

The Plot in You have released three EPs and five studio albums. Their debut EP Wife Beater was released in 2010, followed by their first studio album First Born in 2011, and second studio album Could You Watch Your Children Burn in 2013. <a href=""https://www.last.fm/music/The+Plot+in+You"">Read more on Last.fm</a>"
Vincente Void,spotify:artist:7dG9i6mXD95KlPRLW5Mspl,[],1,7,2019-06-28,2019-06-28,38,7358,1,https://open.spotify.com/artist/7dG9i6mXD95KlPRLW5Mspl,https://i.scdn.co/image/ab676161000051748c379ada37a4959c10114550,28016,355786,0,"['cloud rap', 'trap', 'Horrorcore', 'Ragecore', 'Trap Metal']"," <a href=""https://www.last.fm/music/Vincente+Void"">Read more on Last.fm</a>"
Bring Me The Horizon,spotify:artist:1Ffb6ejR6Fe5IamqA5oRUF,"['metalcore', 'emo', 'screamo', 'rock', 'post-hardcore']",11,142,2024-05-24,2006-10-30,80,6467759,4,https://open.spotify.com/artist/1Ffb6ejR6Fe5IamqA5oRUF,https://i.scdn.co/image/ab67616100005174e7c9399d0b5d813c20cbec65,2460325,262180013,261,"['deathcore', 'metalcore', 'hardcore', 'screamo', 'metal']","Bring Me the Horizon is a British rock band formed in Sheffield, England, in 2004. The group currently consists of lead vocalist Oli Sykes, drummer Matt Nicholls, guitarist Lee Malia, and bassist Matt Kean. They are signed to RCA Records globally and to Columbia Records in the United States.

The band released its debut album ""Count Your Blessings"" in 2006. The album featured a deathcore style that received mixed reactions and generally unfavorable reviews from critics. <a href=""https://www.last.fm/music/Bring+Me+the+Horizon"">Read more on Last.fm</a>"
Softcult,spotify:artist:13pYXGtaLO9d06VrXX4Aw0,"['shoegaze', 'dream pop', 'riot grrrl']",0,0,,,46,95959,1,https://open.spotify.com/artist/13pYXGtaLO9d06VrXX4Aw0,https://i.scdn.co/image/ab67616100005174bcba5685531080343719acb7,199528,2885767,47,"['shoegaze', 'Grunge', 'alternative rock', 'indie rock', 'female vocalists']","Softcult is siblings Mercedes  (guitar/vocals) and Phoenix (drums/vocals/production) Arn-Horn. The band began dropping single tracks in early 2021, and released their first EP, Year Of The Rat, on April 16, 2021.

Citing Bikini Kill as a major influence, the band takes the ethos of the riot grrrl movement and mixes it with shoegaze, grunge, and dreampop influences. Squarely feminist, the music addresses endemic issues of abuse, assault, harassment, misogyny, and social and gender norms as well as mental health. <a href=""https://www.last.fm/music/Softcult"">Read more on Last.fm</a>"
low before the breeze,spotify:artist:1G9igjWIvte4q261fJ2D0w,"['mathcore', 'screamo']",1,10,2025-05-30,2025-05-30,27,886,1,https://open.spotify.com/artist/1G9igjWIvte4q261fJ2D0w,https://i.scdn.co/image/ab67616100005174e1d22be35a65fbeda767de3d,1294,9265,0,"['screamo', 'metalcore', 'hardcore', 'Crust', 'post-hardcore']","low before the breeze is a three-piece black metal/screamo band from Atlanta, Georgia. <a href=""https://www.last.fm/music/low+before+the+breeze"">Read more on Last.fm</a>"
HEALTH,spotify:artist:6FfjnGXMhxSsJTuGLWBDth,"['noise rock', 'witch house', 'industrial']",13,181,2024-10-17,2007-09-18,60,303965,1,https://open.spotify.com/artist/6FfjnGXMhxSsJTuGLWBDth,https://i.scdn.co/image/ab676161000051745b2bf033db0073228084edb4,871313,25974890,0,"['experimental', 'noise rock', 'seen live', 'noise', 'post-punk']","Health (stylized as HEALTH) are an American industrial/noise rock band from Los Angeles, California. The band currently consists of drummer B.J. Miller, vocalist and guitarist Jake Duzsik, and bassist and producer John Famiglietti. It formerly also included Jupiter Keyes, who left in 2015. Originating from the Los Angeles underground experimental music community, they gained prominence with a remix of ""Crimewave"" by Crystal Castles before releasing a self-titled album in 2007. <a href=""https://www.last.fm/music/Health"">Read more on Last.fm</a>"
Delaney Jane,spotify:artist:3fuxStOqQv8TiytHeuGiE8,[],1,13,2019-11-22,2019-11-22,53,71723,1,https://open.spotify.com/artist/3fuxStOqQv8TiytHeuGiE8,https://i.scdn.co/image/ab67616100005174d1fe4b07a9fe8eec59da9107,49292,389628,0,"['pop', 'female vocalists', 'Canadian', 'singer-songwriter', 'EDM']","Delaney Jane (Full real name : Delaney Jane Barth) is a Canadian EDM singer and songwriter from Toronto. Going straight from attending a performing arts high school to touring with Shaun Frank, she made her first major impression on the dance scene with an appearance on Frank's poppy club tune ""This Could Be Love,"" released in late 2014. The pair followed it up in mid-2015 with the Beatport chart-topper ""Shades of Grey,"" a collaboration between Frank, Jane, and Oliver Heldens. <a href=""https://www.last.fm/music/Delaney+Jane"">Read more on Last.fm</a>"
Pierce The Veil,spotify:artist:4iJLPqClelZOBCBifm8Fzv,"['emo', 'screamo', 'post-hardcore']",7,85,2025-05-09,2007,78,3608752,1,https://open.spotify.com/artist/4iJLPqClelZOBCBifm8Fzv,https://i.scdn.co/image/ab676161000051746f8f8d13be17bf486219edc7,1619110,178712527,6,"['post-hardcore', 'emocore', 'emo', 'experimental', 'seen live']","Pierce the Veil was founded by Mike Fuentes and Vic Fuentes in 2006, after the disbandment of Before Today. The brothers continued to write songs together and eventually came up with enough material for a new full-length album. Still backed by their label, Equal Vision Records, they wrote and recorded an entire album on their own in Seattle, WA with Producer Casey Bates. The brothers released the album 'A Flair for the Dramatic' on June 26, 2007 under a new name: Pierce the Veil <a href=""https://www.last.fm/music/Pierce+The+Veil"">Read more on Last.fm</a>"
I Prevail,spotify:artist:3Uobr6LgQpBbk6k4QGAb3V,['metalcore'],6,85,2024-09-20,2014-12-16,72,1760614,11,https://open.spotify.com/artist/3Uobr6LgQpBbk6k4QGAb3V,https://i.scdn.co/image/ab67616100005174a26ab7baa4a50f469edbfd76,494248,25264194,291,"['post-hardcore', 'metalcore', 'alternative metal', 'metal', 'seen live']","I Prevail is an American metalcore band formed in Southfield, Michigan, in 2013. They released their first EP „Heart vs Mind” a year later. Their rise to popularity came after releasing a cover of Taylor Swift’s Blank Space (also in 2014), which ended up reaching certified platinum in the US. Since then, the band has released three albums:
- Lifelines in 2016, which reached #15 on the Billboard 200,
- Trauma in 2019, which became their most successful album yet - receiving both a Best Rock Album Grammy nomination <a href=""https://www.last.fm/music/I+Prevail"">Read more on Last.fm</a>"
Megan Thee Stallion,spotify:artist:181bsRPaVXVlUKXrxwZfHK,[],11,164,2024-10-25,2017-09-18,81,10560354,2,https://open.spotify.com/artist/181bsRPaVXVlUKXrxwZfHK,https://i.scdn.co/image/ab67616100005174f4b26e8ff566b88dce51af2b,2000944,159283949,169,"['rap', 'Hip-Hop', 'trap', 'hip hop', 'seen live']","Megan Jovon Ruth Pete, known professionally as Megan Thee Stallion, is an American rapper, songwriter and singer. Originally from Houston, Texas, U.S.A. she first garnered attention when videos of her freestyling became popular on social media platforms such as Instagram. Megan Thee Stallion signed to 300 Entertainment in 2018 where she released the mixtape Fever (2019) and the EP Suga (2020) both of which reached the top ten of the Billboard 200. <a href=""https://www.last.fm/music/Megan+Thee+Stallion"">Read more on Last.fm</a>"
Architects,spotify:artist:3ZztVuWxHzNpl0THurTFCv,"['metalcore', 'djent', 'mathcore', 'metal', 'post-hardcore', 'deathcore']",12,143,2025-02-28,2006-05-15,70,1183109,3,https://open.spotify.com/artist/3ZztVuWxHzNpl0THurTFCv,https://i.scdn.co/image/ab67616100005174d8691d3ca44cd95c89a40da4,734404,66634108,14,"['metalcore', 'mathcore', 'hardcore', 'seen live', 'metal']","Architects is a mathcore/metalcore/alternative metal band from Brighton, East Sussex, United Kingdom, formed in 2004 by twin brothers Dan and Tom Searle. As drummer and guitarist, respectively, they were joined by guitarist Tim Hillier-Brook, bassist Tim Lucas, and vocalist Matt Johnson. Strongly influenced by the Dillinger Escape Plan, their initial sound was coarse, chaotic, and rhythmically complex. Lucas was soon replaced by Alex Dean while Johnson left after the release of their debut album Nightmares (2006). <a href=""https://www.last.fm/music/Architects"">Read more on Last.fm</a>"
iRis.EXE,spotify:artist:2dSZ8lHlYiDFdbdvD0V6vi,[],1,7,2022-05-26,2022-05-26,38,6866,1,https://open.spotify.com/artist/2dSZ8lHlYiDFdbdvD0V6vi,https://i.scdn.co/image/ab676161000051747db6857f427d5a547dff793a,12015,174368,0,"['hyperpop', 'electronic', 'glitch pop', 'metalcore', 'metal']"," <a href=""https://www.last.fm/music/iRis.EXE"">Read more on Last.fm</a>"
Imminence,spotify:artist:7rqJQQxuUOCk052MK5kLsH,"['metalcore', 'metal', 'deathcore', 'post-hardcore']",10,143,2025-03-07,2014-09-09,61,355459,10,https://open.spotify.com/artist/7rqJQQxuUOCk052MK5kLsH,https://i.scdn.co/image/ab67616100005174cb31d429bcdf325ba1958462,166788,8568130,87,"['metalcore', 'post-hardcore', 'swedish', 'seen live', 'Progressive Metalcore']","Imminence is a Swedish metalcore band formed in Trelleborg, Sweden, in 2009. The group consists of vocalist Eddie Berg, lead guitarist Harald Barrett, rhythm guitarist Alex Arnoldsson, bassist Christian Höijer and drummer Peter Hanström. They are currently signed to Arising Empire and have released five studio albums. Their most recent studio album, The Black, was released on 12 May 2024.

The band was started in 2009 by Harald Barrett, with singer Eddie Berg joining shortly after. <a href=""https://www.last.fm/music/Imminence"">Read more on Last.fm</a>"
Adam Easterling,spotify:artist:0tQA7Brb3PbQaLFP9JvQh4,[],0,0,,,31,24,1,https://open.spotify.com/artist/0tQA7Brb3PbQaLFP9JvQh4,[],6,8,0,[]," <a href=""https://www.last.fm/music/Adam+Easterling"">Read more on Last.fm</a>"
Ice Nine Kills,spotify:artist:52qKfVcIV4GS8A8Vay2xtt,"['metalcore', 'metal']",16,196,2025-06-06,2006-04-20,67,1121111,15,https://open.spotify.com/artist/52qKfVcIV4GS8A8Vay2xtt,https://i.scdn.co/image/ab67616100005174e8119ccdb928a59489dada04,400528,31364538,352,"['post-hardcore', 'metalcore', 'screamo', 'emo', 'rock']","Ice Nine Kills is an American heavy metal band from Boston, Massachusetts. The band is currently signed to Fearless Records and is known for its horror-themed lyrics and theatrical style. It was originally formed in 2000 by high school friends Spencer Charnas and Jeremy Schwartz. Charnas remains the only founding member still active in the band.

Ice Nine Kills has released three extended plays and six full-length studio albums. These include ""Last Chance to Make Amends,"" ""Safe Is Just a Shadow,"" and ""The Predator Becomes the Prey. <a href=""https://www.last.fm/music/Ice+Nine+Kills"">Read more on Last.fm</a>"
NOTHING MORE,spotify:artist:39VNwvlQTqE9SvgPjjnMpc,[],9,150,2025-03-28,2009-02-21,68,551664,1,https://open.spotify.com/artist/39VNwvlQTqE9SvgPjjnMpc,https://i.scdn.co/image/ab67616100005174cd7961c989876a2982feb13e,316277,10371950,66,"['Progressive rock', 'alternative rock', 'alternative metal', 'rock', 'seen live']","Nothing More is an American rock band from San Antonio, Texas. Formed in 2003, the band spent much of the 2000s recording independent albums and struggling to maintain a steady lineup or attract record label interest. Towards the end of the decade, the band's long-time drummer, Jonny Hawkins, decided to switch to being the band's frontman and lead vocalist, stabilizing the band's core lineup along with other long-time members Mark Vollelunga (guitar) and Daniel Oliver (bass). <a href=""https://www.last.fm/music/Nothing+More"">Read more on Last.fm</a>"
Knuckle Puck,spotify:artist:5ABfpj7Z00wfPiv2uW4MFm,"['pop punk', 'midwest emo', 'punk']",5,54,2025-05-02,2015-07-31,52,239964,1,https://open.spotify.com/artist/5ABfpj7Z00wfPiv2uW4MFm,https://i.scdn.co/image/ab6761610000517445ce1bca573e722784725410,189616,9143879,39,"['pop punk', 'punk', 'seen live', 'emo', 'melodic punk']","Knuckle Puck is an American pop punk band, formed in 2010 in the south suburbs of Chicago, Illinois. The band got its name from a Stick to Your Guns t-shirt that said ""Knuckle Puck Crew"". The band consisted of lead vocalist Joe Taylor, lead guitarist Kevin Maida, and drummer John Siorek. The group started writing original songs in April 2011 with the addition of rhythm guitarist Nick Casasanto. The group had friends fill in on bass. In July, the band played its first ever show. <a href=""https://www.last.fm/music/Knuckle+Puck"">Read more on Last.fm</a>"
Gojira,spotify:artist:0GDGKpJFhVpcjIGF8N6Ewt,"['groove metal', 'metal', 'progressive metal', 'death metal', 'djent']",10,124,2021-04-30,2001-03-19,67,1710519,1,https://open.spotify.com/artist/0GDGKpJFhVpcjIGF8N6Ewt,https://i.scdn.co/image/ab6761610000517496c4949ee078fbef5d5adb68,892463,71187182,5,"['death metal', 'Progressive metal', 'progressive death metal', 'seen live', 'metal']","There are multiple artists called Gojira;

1) Gojira is a metal band from Bayonne, France. Their lyrics focus on life, ecology, and spiritual themes. They were formed in 1996 by brothers Joe Duplantier (vocals and lead guitar) and Mario Duplantier (drums), Christian Andreu (guitar) and Alexandre Cornillon (bass guitar). Cornillon left the band in 2001 and Jean-Michel Labadie became their bass player. Genres that they have been associated with over their career include death metal, progressive metal, thrash metal and groove metal. <a href=""https://www.last.fm/music/Gojira"">Read more on Last.fm</a>"
LANDMVRKS,spotify:artist:6G43CiunIxMwb2tQ12vNP6,"['metalcore', 'deathcore', 'metal']",6,79,2025-04-25,2016-05-10,63,299419,8,https://open.spotify.com/artist/6G43CiunIxMwb2tQ12vNP6,https://i.scdn.co/image/ab67616100005174288a81dd1d1387c0544c56e0,188661,7235815,100,"['metalcore', 'post-hardcore', 'french', 'seen live', 'hardcore']","Marseille (France) based metalcore band, LANDMVRKS was created in 2014.

The band’s founding lineup included singer Florent Salfati, drummer Nicolas Soriano, bassist Rudy Purkart and guitarists Nicolas Exposito and Thomas Lebreton.

They released their first music video “Meaningless” in August 2014 as their first single and month after month they released others music videos as “Empty Place” “Outside and In” and “Winter” featuring Mattéo from the band Novelists. <a href=""https://www.last.fm/music/LANDMVRKS"">Read more on Last.fm</a>"
Linkin Park,spotify:artist:6XyY86QOPPrYVGvF9ch6wz,"['nu metal', 'rap metal', 'rock', 'alternative metal']",27,426,2025-05-16,2010-09-08,92,30528379,14,https://open.spotify.com/artist/6XyY86QOPPrYVGvF9ch6wz,https://i.scdn.co/image/ab67616100005174527d95dabbe8b8b527e8136f,6042553,561802544,252,"['rock', 'Nu Metal', 'alternative rock', 'alternative', 'metal']","Linkin Park are an American rock band from Agoura Hills, California. The band's current lineup comprises of vocalist/rhythm guitarist/keyboardist Mike Shinoda, lead guitarist Brad Delson, bassist Dave Farrell, DJ/turntablist Joe Hahn, drummer Colin Brittain, and lead vocalist Emily Armstrong. Shinoda, Delson, Farrell and Hahn are founding members. Vocalists Mark Wakefield, Chester Bennington & drummer Rob Bourdon are former members of the band. Categorized as alternative rock <a href=""https://www.last.fm/music/Linkin+Park"">Read more on Last.fm</a>"
While She Sleeps,spotify:artist:38LdIuxB548zgHoEY2AN7a,"['metalcore', 'metal', 'post-hardcore']",9,121,2024-03-29,2010-11-22,57,497977,1,https://open.spotify.com/artist/38LdIuxB548zgHoEY2AN7a,https://i.scdn.co/image/ab67616100005174888dbb6f0c381220ac2dc6b7,316482,17183162,0,"['metalcore', 'melodic hardcore', 'hardcore', 'seen live', 'melodic metalcore']","
While She Sleeps is a British metalcore band from Sheffield, England. Formed in 2006, the band currently consists of vocalist Lawrence Taylor, guitarists Sean Long and Mat Welsh, bassist Aaran Mackenzie and drummer Adam Savage. They are currently signed to Search and Destroy Records in the UK, The End Records in the US and Shock Records in Australia. Since releasing their debut mini-album The North Stands for Nothing in 2010, they have gained a much increased following. <a href=""https://www.last.fm/music/While+She+Sleeps"">Read more on Last.fm</a>"
Randy Strohmeyer,spotify:artist:1VICCMi01hveHihkqybIFW,[],0,0,,,32,114,1,https://open.spotify.com/artist/1VICCMi01hveHihkqybIFW,[],11,52,0,[]," <a href=""https://www.last.fm/music/randy+strohmeyer"">Read more on Last.fm</a>"
Bryan Garris,spotify:artist:7I25a8b3zJkLqCW2Ikfpfe,['metalcore'],0,0,,,49,3793,1,https://open.spotify.com/artist/7I25a8b3zJkLqCW2Ikfpfe,https://i.scdn.co/image/ab67616d00001e02fbe722601ced5d2363d01fba,81,486,0,[]," <a href=""https://www.last.fm/music/Bryan+Garris"">Read more on Last.fm</a>"
Memphis May Fire,spotify:artist:7cNNNhdJDrt3vgQjwSavNf,"['metalcore', 'post-hardcore', 'screamo']",10,112,2025-03-28,2009-07-21,63,926038,6,https://open.spotify.com/artist/7cNNNhdJDrt3vgQjwSavNf,https://i.scdn.co/image/ab6761610000517497b338006d09399d93512ad3,482195,18552385,39,"['post-hardcore', 'metalcore', 'Southern Rock', 'screamo', 'hardcore']","Memphis May Fire is a metalcore band with southern rock influences (previously post-hardcore) currently based in Dallas, Texas. The band formed in December 2006, but it was not until February 2007 that the group decided on the name Memphis May Fire having previously gone by ""O Captain, My Captain!"". Since its formation, the band has released two EPs and six full-length albums, the latest being Shapeshifter which was released in March 2025.

In early 2007, the band recorded and self-released an EP, and began creating a local following. <a href=""https://www.last.fm/music/Memphis+May+Fire"">Read more on Last.fm</a>"
SHAVO,spotify:artist:3db7IWyJRHjZEViTutNdUR,[],1,11,2024-10-11,2024-10-11,51,10608,1,https://open.spotify.com/artist/3db7IWyJRHjZEViTutNdUR,https://i.scdn.co/image/ab676161000051748e88ae842b8041d9348b310a,208,744,0,[]," <a href=""https://www.last.fm/music/Shavo"">Read more on Last.fm</a>"
Lucas Woodland,spotify:artist:76iTTQpdw0ECsYeXVnKA2t,[],0,0,,,36,663,1,https://open.spotify.com/artist/76iTTQpdw0ECsYeXVnKA2t,[],8,1807,0,[]," <a href=""https://www.last.fm/music/Lucas+Woodland"">Read more on Last.fm</a>"
Dark Divine,spotify:artist:3CMyREgx8ZErRUydXlmCDX,['metalcore'],3,31,2024-10-04,2022-09-30,49,59259,9,https://open.spotify.com/artist/3CMyREgx8ZErRUydXlmCDX,https://i.scdn.co/image/ab67616100005174f271569b3cb4ebfd2c2085da,32447,1144269,97,"['metalcore', 'electronic', 'alternative metal', 'post-hardcore', 'seen live']","Hailing from Orlando, FL this Hard Rock act shows us a side of darkness that brings a sentiment of anguish mixed with a sincere notion of understanding. They released their debut EP ""Halloweentown"" on September 30, 2022, through InVogue Records. Now, 2023 the band’s new single ""Paper Crown (feat. Bryan Kuznitz of Fame On Fire,)"" premiered on Octane is the newest release of the band's growing discography. “Dancing Dead” and ""Drown"" are hair-raising tracks, immersing fans in a fear-stricken world. <a href=""https://www.last.fm/music/Dark+Divine"">Read more on Last.fm</a>"
Bob Vylan,spotify:artist:6XgIk9Y6qy6JCMZVime6DQ,[],5,62,2024-04-05,2019-03-01,56,152893,1,https://open.spotify.com/artist/6XgIk9Y6qy6JCMZVime6DQ,https://i.scdn.co/image/ab676161000051740ad67780ebdd0fd978830401,97017,1748641,0,"['rap punk', 'punk', 'Crank wave', 'Grime', 'post-punk']","Check https://bobvylan.bandcamp.com/music

A Duo from London, UK - featuring Bobby Vylan (vocals) and Bobbie Vylan, aka Bobb13 Vylan (drums). Bob Vylan incorporates elements of Hip Hop, Grime, Punk, and Electronic music into its sound. <a href=""https://www.last.fm/music/Bob+Vylan"">Read more on Last.fm</a>"
Deftones,spotify:artist:6Ghvu1VvMGScGpOUJBAHNH,"['nu metal', 'alternative metal', 'rap metal', 'shoegaze']",13,160,2020-12-11,1995,83,7110177,21,https://open.spotify.com/artist/6Ghvu1VvMGScGpOUJBAHNH,https://i.scdn.co/image/ab676161000051744b2da0b72cab26ac518f1f0d,3578803,421156000,110,"['Nu Metal', 'metal', 'alternative', 'alternative rock', 'rock']","Deftones is an American metal band from Sacramento, California, formed in 1988, consisting of Chino Moreno (lead vocals and guitar), Stephen Carpenter (guitar), Frank Delgado (keyboards and turntables), and Abe Cunningham (drums and percussion). Vega (formerly of Quicksand) took on bass duties from mid-2009 to ca. 2021 in substitution for Chi Cheng, who was seriously injured in an automobile accident in Santa Clara, California on November 4, 2008. <a href=""https://www.last.fm/music/Deftones"">Read more on Last.fm</a>"
Jacoby Shaddix,spotify:artist:3a0Ol9AaugGXjf1ZQcAs1U,[],0,0,,,55,12880,1,https://open.spotify.com/artist/3a0Ol9AaugGXjf1ZQcAs1U,https://i.scdn.co/image/ab676161000051743e073f3b020d273cc2282905,1678,3948,0,"['coby', 'Papa Roach', 'coby dick', 'Jacoby Dakota Shaddix', 'seen live']","Jacoby Dakota Shaddix (born July 28, 1976, in Vacaville, California) is the lead singer of the Nu Metal band Papa Roach. He also goes by the pseudonyms Coby Dick (used on the Infest album) and Jonny Vodka. He also goes by Dakota Gold. Jacoby is also working on a side project in the form of heavier band Fight the Sky.

Shaddix has a wife named Kelly, and two sons named Makaile Cielo Shaddix and Jagger Shaddix respective
 <a href=""https://www.last.fm/music/Jacoby+Shaddix"">Read more on Last.fm</a>"
As I Lay Dying,spotify:artist:2vd2HnNh4pdYa9gDVHFjEu,"['metalcore', 'metal', 'deathcore']",11,164,2024-11-15,2003,58,1087837,1,https://open.spotify.com/artist/2vd2HnNh4pdYa9gDVHFjEu,https://i.scdn.co/image/ab676161000051748f72b126ff150aff04fea7d3,1029834,53491743,2,"['metalcore', 'hardcore', 'metal', 'Melodic Death Metal', 'seen live']","As I Lay Dying is an American metal band from San Diego, California. Founded in 2000 by their vocalist Tim Lambesis, having completed their first Line-up in 2001.

The band currently consists of vocalist Tim Lambesis with no additional members.

The band has been marketed as a Christian Metal band, with all of the members being Christian, though that aspect has been called into question at points, especially regarding Lambesis, the only member of the band. <a href=""https://www.last.fm/music/As+I+Lay+Dying"">Read more on Last.fm</a>"
Thousand Below,spotify:artist:0iU3WDujScAofxcK2EMypN,"['metalcore', 'post-hardcore']",3,32,2022-12-09,2017-10-06,52,119539,1,https://open.spotify.com/artist/0iU3WDujScAofxcK2EMypN,https://i.scdn.co/image/ab676161000051740921cea9d0f4e1d243a7029c,92256,3490604,237,"['post-hardcore', 'metalcore', 'seen live', 'alternative rock', 'hardcore']","Thousand Below is an American post-hardcore band from San Diego, California. They are currently signed to Rise Records and Pale Chord and have released two full-length albums and one EP. The band consists of vocalist James Deberg, guitarist Josh Thomas, bassist Josh Billimoria, and drummer Max Santoro.

Thousand Below was quietly formed in 2016 by vocalist James Deberg, who continued to write music after parting ways with his previous band, Outlands. <a href=""https://www.last.fm/music/Thousand+Below"">Read more on Last.fm</a>"
Sleeping With Sirens,spotify:artist:3N8Hy6xQnQv1F1XCiyGQqA,"['emo', 'post-hardcore', 'screamo']",10,125,2023-09-29,2010-03-22,69,2522251,1,https://open.spotify.com/artist/3N8Hy6xQnQv1F1XCiyGQqA,https://i.scdn.co/image/ab676161000051747fbe33148fe1ae267ddb2956,972987,55761981,96,"['post-hardcore', 'screamo', 'emocore', 'experimental', 'hardcore']","Sleeping With Sirens is an American post-hardcore  band from Orlando, Florida, United States currently residing in Grand Rapids, Michigan, United States, formed in 2009 by members of For All We Know, Broadway and We Are Defiance. The band is currently signed to Sumerian Records and has released seven full-length albums, With Ears to See and Eyes to Hear, Let's Cheers To This, Feel, Madness, Gossip, How It Feels to Be Lost and Complete Collapse. The first album debuted at number 7 on Billboard's Top Heatseekers chart <a href=""https://www.last.fm/music/Sleeping+with+Sirens"">Read more on Last.fm</a>"
Disturbed,spotify:artist:3TOqt5oJwL9BE2NG9MEwDa,"['metal', 'nu metal', 'alternative metal', 'rap metal', 'hard rock', 'rock']",18,276,2025-03-07,2000-03-07,78,7471833,1,https://open.spotify.com/artist/3TOqt5oJwL9BE2NG9MEwDa,https://i.scdn.co/image/ab676161000051746823b6df396ecf49931e34a1,3209497,142669431,4,"['metal', 'Nu Metal', 'hard rock', 'rock', 'alternative']","Disturbed is an American alternative metal band from Chicago, Illinois, formed in 1994. The band includes vocalist David Draiman, bassist John Moyer, guitarist/keyboardist Dan Donegan, and drummer Mike Wengren. Former band members are vocalist Erich Awalt and bassist Steve Kmak.

The band has released six studio albums, five of which have consecutively debuted at number one on the Billboard 200. Disturbed went into hiatus in October 2011, during which the band's members focused on various side projects <a href=""https://www.last.fm/music/Disturbed"">Read more on Last.fm</a>"
Polyphia,spotify:artist:4vGrte8FDu062Ntj0RsPiZ,"['math rock', 'djent', 'progressive metal', 'progressive rock']",5,61,2023-11-24,2014-09-02,61,1304232,1,https://open.spotify.com/artist/4vGrte8FDu062Ntj0RsPiZ,https://i.scdn.co/image/ab67616100005174d0d5560f6b2ebe39a6d20704,531167,28364812,8,"['Progressive metal', 'instrumental', 'DJENT', 'math metal', 'math rock']","Hailing from the quiet suburbs of Plano, Texas, progressive rock outfit Polyphia are anything but mild-mannered. With a distinctly thought-out and well-orchestrated sound, the quartet pummels out blistering blast beats, and an onslaught of guitar shreds that blends, seamlessly, with melodic grooves and a humble intensity that never wears on the ear. Capitalizing on a ""Standard of Excellence"", the band wishes to inspire those who listen with their doctrine of uncompromised work ethic and self-motivated success. <a href=""https://www.last.fm/music/Polyphia"">Read more on Last.fm</a>"
The Callous Daoboys,spotify:artist:4ZWRLOs7c4drt9mKGc0Ds0,"['mathcore', 'metalcore', 'post-hardcore']",5,47,2025-05-16,2017-04-01,50,52545,11,https://open.spotify.com/artist/4ZWRLOs7c4drt9mKGc0Ds0,https://i.scdn.co/image/ab676161000051745e8bb3d9afa9377836db9752,68915,2627102,86,"['mathcore', 'metalcore', 'experimental', 'post-hardcore', 'seen live']","The Callous Daoboys is a mathcore band from Atlanta, Georgia. They have released two EPs, ""My Dixie Wrecked"" and ""Animal Tetris,"" a single, ""The Great Multi-Stage Rocket Robbery,"" and a full-length album, ""Die On Mars,"" which was released on June 21, 2019 via Dark Trail Records (CD), Acrobat Unstable (12"" vinyl), and Pattern Recognition Records (cassette). The band performed at Mathcore Index Fest 2018 and MIF2020, were featured in Altpress' list of top 20 rising hardcore bands you need to hear right now <a href=""https://www.last.fm/music/The+Callous+Daoboys"">Read more on Last.fm</a>"
Poppy,spotify:artist:5mlbvTfWUOfDrUIK6dkNzv,[],10,107,2024-11-15,2016-10-17,68,1593617,4,https://open.spotify.com/artist/5mlbvTfWUOfDrUIK6dkNzv,https://i.scdn.co/image/ab67616100005174dee6c517fd076a2f1f8a2723,931156,56731549,12,"['pop', 'Nu Metal', 'alternative metal', 'metal', 'electropop']","Moriah Rose Pereira, known professionally as Poppy (or Moriah Poppy, That Poppy), is an American singer, songwriter, actress and model. In early 2014, Poppy signed to Island Records. Over a year later, her debut single ''Everybody Wants to Be Poppy'' was released and in early 2016, she released her debut extended play, Bubblebath.

In late 2016, Poppy became the face of Sanrio's ""Hello Sanrio"" collection. In the summer of 2017, she signed to Mad Decent, and in October released her first studio album, Poppy. <a href=""https://www.last.fm/music/Poppy"">Read more on Last.fm</a>"
Rain City Drive,spotify:artist:4rMxZovfLSDjEL9eI2pKo7,"['post-hardcore', 'metalcore']",4,52,2024-09-27,2020-08-07,61,341047,5,https://open.spotify.com/artist/4rMxZovfLSDjEL9eI2pKo7,https://i.scdn.co/image/ab676161000051741131a837d1e97e13d0728a66,129823,4945400,282,"['post-hardcore', 'alternative rock', 'alternative', 'rock', 'pop rock']","Rain City Drive is an American rock/post-hardcore band from Sacramento, California, United States, formed in 2014 under the name Slaves.

They released three studio albums, ""Through Art We Are All Equals"" on June 24, 2014, ""Routine Breathing"" on August 21, 2015 and ""Beautiful Death"" on February 16, 2018 with founding member and original lead vocalist Jonny Craig.

On January 24, 2019, the band announced that Jonny Craig was removed from the band citing his addictions. <a href=""https://www.last.fm/music/Rain+City+Drive"">Read more on Last.fm</a>"
Mat Welsh,spotify:artist:41qbLh8IPItyHRIHAQafft,['metalcore'],0,0,,,44,490,1,https://open.spotify.com/artist/41qbLh8IPItyHRIHAQafft,https://i.scdn.co/image/ab67616d00001e0208da6dc8dfae75bab2ad6707,3,12,0,[]," <a href=""https://www.last.fm/music/Mat+Welsh"">Read more on Last.fm</a>"
Invent Animate,spotify:artist:3ALVPmg5sZexSVD2m9atEt,"['djent', 'metalcore', 'progressive metal', 'deathcore', 'metal', 'post-hardcore']",9,103,2024-08-23,2014-08-22,53,174456,7,https://open.spotify.com/artist/3ALVPmg5sZexSVD2m9atEt,https://i.scdn.co/image/ab67616100005174aa2eb4e40b025830f5e7ab3b,104168,8032010,11,"['metalcore', 'Progressive Metalcore', 'DJENT', 'Progressive metal', 'seen live']","Hometown: Port Neches, TX
Genre: Progressive Metalcore / Djent
http://www.facebook.com/inventanimate
Members: 
Trey Celaya - Drums
Marcus Vik - Vocals
Keaton Goldwire - Guitar
Caleb Sherraden - Bass

Bursting out the scene from Port Neches, Texas comes Invent Animate. A 5 piece metalcore band simply doing what they love. With a different style than most metalcore bands, Invent Animate is bringing a fresh new sound to the scene. Come on out and support! <a href=""https://www.last.fm/music/Invent+Animate"">Read more on Last.fm</a>"
Knocked Loose,spotify:artist:4qrHkx5cgWIslciLXUMrYw,"['hardcore', 'metalcore', 'deathcore', 'hardcore punk', 'mathcore']",3,33,2024-05-10,2016-09-16,63,603840,7,https://open.spotify.com/artist/4qrHkx5cgWIslciLXUMrYw,https://i.scdn.co/image/ab676161000051741c80f002a9c5aada3c8633a9,380020,27845309,124,"['hardcore', 'metalcore', 'beatdown hardcore', 'seen live', 'metallic hardcore']","Knocked Loose is an American metalcore band from Oldham County, Kentucky, formed in 2013 and currently signed to Pure Noise Records. The band as of 2020 is Bryan Garris (lead vocals), Nicko Calderon (rhythm guitar), Isaac Hale (lead guitar & backing vocals), Kevin Otten (bass), and Kevin Kaine (drums).  Former members include Cole Crutchfield (2015–2020)  (rhythm guitar & backing vocals).

The band released their first studio album, Laugh Tracks <a href=""https://www.last.fm/music/Knocked+Loose"">Read more on Last.fm</a>"
Victor Le Masne,spotify:artist:73HYvBYbBoXKmDEzsM27RI,[],3,38,2024-12-18,2020-05-08,48,14080,1,https://open.spotify.com/artist/73HYvBYbBoXKmDEzsM27RI,https://i.scdn.co/image/ab676161000051748716e73476c76bd28669060e,9358,71567,0,['french']," <a href=""https://www.last.fm/music/Victor+le+Masne"">Read more on Last.fm</a>"
Ekoh,spotify:artist:5lC7N2Mm9i92KSfW4opawO,[],8,117,2024-10-29,2013-03-19,58,251735,1,https://open.spotify.com/artist/5lC7N2Mm9i92KSfW4opawO,https://i.scdn.co/image/ab67616100005174d1f208cd9fab6d0f4910926e,82931,1522146,0,"['rap', 'Hip-Hop', 'United States', 'emo rap', 'Sad rap']","Ekoh is not like anything you have heard before. Branded with the label of HEART HOP by loyal fans who saw something different in his style of hip hop. True emotional lyrics along with hard-hitting delivery, intricate production, and a high energy live show, Ekoh has something that hip hop music hasn't seen in a long time, TRUE PASSION FOR THE ART OF HIP HOP MUSIC. A song writer who can blur the lines between genres to create a truly amazing music experience. <a href=""https://www.last.fm/music/EKOH"">Read more on Last.fm</a>"
Bad Omens,spotify:artist:3Ri4H12KFyu98LMjSoij5V,['metalcore'],6,83,2024-05-31,2016-08-19,75,1776694,48,https://open.spotify.com/artist/3Ri4H12KFyu98LMjSoij5V,https://i.scdn.co/image/ab676161000051743a62c74a31a446406a033926,608354,60410289,11717,"['metalcore', 'post-hardcore', 'alternative metal', 'metal', 'seen live']","Bad Omens is an American metal band formed in 2015 in Richmond, Virginia by vocalist and producer Noah Sebastian, (then) guitarist Nicholas Ruffilo and bassist Vincent Riquier.

The current lineup of the band includes: Noah Sebastian (lead vocals, programming), Nicholas Ruffilo (bass, backing vocals), Joakim Karlsson (lead guitar, programming, backing vocals and rythm guitar) and Nick Folio (drums and percussions).

History
The first idea to form the band came in 2013 when Noah Sebastian, then guitarist of a Washington D. <a href=""https://www.last.fm/music/Bad+Omens"">Read more on Last.fm</a>"
Catch Your Breath,spotify:artist:2fqPOGxG12nEERj8YG7p22,['metalcore'],2,30,2024-09-27,2023-10-20,64,220576,10,https://open.spotify.com/artist/2fqPOGxG12nEERj8YG7p22,https://i.scdn.co/image/ab676161000051748aa2754db11019a2d19f6272,184294,4503610,1154,"['metalcore', 'post-hardcore', 'hardcore', 'rock', 'alternative rock']","Catch Your Breath is the name of multiple artists.

1) A fresh, burgeoning alt-rock band based out of Austin, Texas. Comprised of vocalist Josh, guitarist Teddy, bassist Cianan, and drummer Onell, Catch Your Breath injects a unique mix of synth soundscaping elements, imaginative production, and refined songwriting for an intense amount of emotion. The secret ingredient of their music is their relatable core. Says Teddy of the sound, ""We want to mix it up with a new gen of alt-rock and metal. <a href=""https://www.last.fm/music/Catch+Your+Breath"">Read more on Last.fm</a>"
Annisokay,spotify:artist:7lAi1Cv19DsukgGjbZQxFg,"['metalcore', 'post-hardcore', 'metal']",7,98,2022-02-04,2014-05-30,54,168588,1,https://open.spotify.com/artist/7lAi1Cv19DsukgGjbZQxFg,https://i.scdn.co/image/ab67616100005174b4d845bbfb42f16a61c01ab1,137955,5547705,19,"['post-hardcore', 'metalcore', 'seen live', 'german', 'emo']","Annisokay (stylized as annisokay, pronounced Ann is okay) is a German post-hardcore band from Halle, Saxony-Anhalt.

Up to date Annisokay released two demo-CDs, two EP and five studio albums: The Lucid Dream[er] was originally self-released in 2012 (2013 via Radtone Records in Japan) and was re-released in 2014 when the band signed a label deal with SPV GmbH. The follow-up record Enigmatic Smile was released in March 2015 and peaked at no. 68 in the German albums charts. <a href=""https://www.last.fm/music/Annisokay"">Read more on Last.fm</a>"
1ST VOWS,spotify:artist:2DLo7eCypgXm3ViDvElOWE,['retro soul'],1,12,2019-01-18,2019-01-18,33,7574,1,https://open.spotify.com/artist/2DLo7eCypgXm3ViDvElOWE,https://i.scdn.co/image/ab6761610000517487a15231a9533196ca7af474,17662,137987,0,"['pop', 'electronic', 'soul', 'alternative', 'alternative rock']","1st Vows is a project from Ryan Hunter, of Envy on the Coast.  <a href=""https://www.last.fm/music/1st+Vows"">Read more on Last.fm</a>"
TOOL,spotify:artist:2yEwvVSSSUkcLeSTNyHKh8,"['progressive metal', 'alternative metal', 'progressive rock', 'metal']",5,59,2019-08-30,1993-04-06,73,4320774,10,https://open.spotify.com/artist/2yEwvVSSSUkcLeSTNyHKh8,https://i.scdn.co/image/ab6761610000517413f5472b709101616c87cba3,2300245,189217207,83,"['Progressive metal', 'Progressive rock', 'metal', 'alternative', 'rock']","Tool is an American progressive metal band from Los Angeles. Formed in 1990, the group's line-up includes vocalist Maynard James Keenan, guitarist Adam Jones and drummer Danny Carey. Justin Chancellor has been the band's bassist since 1995, replacing their original bassist Paul D'Amour. Tool has won four Grammy Awards, performed worldwide tours, and produced albums topping the charts in several countries.

To date, the band has released five studio albums, one EP and one box set. <a href=""https://www.last.fm/music/Tool"">Read more on Last.fm</a>"
SWARM,spotify:artist:07OF36h5y4S6s9ckQliaj3,['deathstep'],0,0,,,49,55732,1,https://open.spotify.com/artist/07OF36h5y4S6s9ckQliaj3,https://i.scdn.co/image/ab67616100005174b1a9e36cf09c1941897a4647,54050,653869,0,"['hardcore', 'heavy metal', 'metal', 'industrial', 'american']","Swarm is a name of, at least, nine bands.

1) a short-lived project by current/former Death Angel members, Mark Osegueda (vocals), Rob Cavestany (guitar) and Andy Galeon (drums)

2) A Warner Beach rock band (formed 1996), first signed to gallo records (1997) & released on the C-weed compilation album. The band is now Hampshire, UK based. Last known line-up: Jason Grimaldi (vocals), Jason Horseler (drums) & Steve Venois (bass).

3) A UK noise pop band, which included Samantha Sprackling (better known as Saffron, of Republica), from 2001. <a href=""https://www.last.fm/music/Swarm"">Read more on Last.fm</a>"
Evanescence,spotify:artist:5nGIFgo0shDenQYSE0Sn7c,['alternative metal'],10,144,2023-11-17,2003-03-04,78,5712011,9,https://open.spotify.com/artist/5nGIFgo0shDenQYSE0Sn7c,https://i.scdn.co/image/ab676161000051747ecf213c7dd78e0049379c5b,3803337,158719757,541,"['rock', 'Gothic Rock', 'female vocalists', 'Gothic', 'alternative']","Evanescence is a rock band founded in Little Rock, Arkansas, United States in 1995 by singer/pianist Amy Lee and guitarist Ben Moody (who left in 2003). 

After recording private albums, the band signed to Wind-up Records and released their first full-length album, Fallen, in 2003, which sold more than 15 million copies worldwide and helped the band win two Grammy Awards. A year later, they released their first live album, Anywhere But Home, which sold more than one million copies worldwide. <a href=""https://www.last.fm/music/Evanescence"">Read more on Last.fm</a>"
Loathe,spotify:artist:4G9wSdX0klmoHfjm9i6DLd,['shoegaze'],4,45,2021-02-07,2016-07-08,63,465514,13,https://open.spotify.com/artist/4G9wSdX0klmoHfjm9i6DLd,https://i.scdn.co/image/ab676161000051744c96c5bb7a05131874998122,670726,33189505,468,"['metalcore', 'alternative metal', 'Progressive Metalcore', 'DJENT', 'shoegaze']","Loathe are an English alternative metal band from Liverpool, England. Formed in 2014, the group consists of lead vocalist Kadeem France, guitarist and second vocalist Erik Bickerstaffe, drummer Sean Radcliffe and bassist Feisal El-Khazragi. They are signed to SharpTone Records and have released two EPs and three studio albums. Prepare Consume Proceed was released in 2015 and was re-issued in 2016 through SharpTone Records as the label's first release. <a href=""https://www.last.fm/music/Loathe"">Read more on Last.fm</a>"
Jeremy Schwartz,spotify:artist:3OeRWJcva3CKYCo85oTHDb,[],0,0,,,32,137,1,https://open.spotify.com/artist/3OeRWJcva3CKYCo85oTHDb,[],20,256,0,[]," <a href=""https://www.last.fm/music/Jeremy+Schwartz"">Read more on Last.fm</a>"
Lorna Shore,spotify:artist:6vXYoy8ouRVib302zxaxFF,"['deathcore', 'death metal', 'metal', 'metalcore']",6,60,2023-11-03,2015-06-09,64,831955,3,https://open.spotify.com/artist/6vXYoy8ouRVib302zxaxFF,https://i.scdn.co/image/ab67616100005174ebf68ba131a38501741c82db,242588,15155306,9,"['deathcore', 'Progressive deathcore', 'blackened deathcore', 'death metal', 'symphonic deathcore']","Lorna Shore is an American symphonic deathcore/blackened deathcore band based in Warren County, New Jersey. The current formation includes lead vocalist Will Ramos, guitarists Adam De Micco and Andrew O'Connor, bassist Michael Yager and drummer Austin Archey.

The band was formed in 2009, as De Micco was originally joined by Ray Meoni, Aaron Brown, Jeff Moskovciak, Gary Herrera and Scott Cooper. After just a few months, however, Tom Barber joined Lorna Shore as their new vocalist <a href=""https://www.last.fm/music/Lorna+Shore"">Read more on Last.fm</a>"
Too Close To Touch,spotify:artist:2XziUthG3Ug3eiWuE5KRsp,"['post-hardcore', 'metalcore']",3,30,2024-03-08,2015-03-24,54,195178,6,https://open.spotify.com/artist/2XziUthG3Ug3eiWuE5KRsp,https://i.scdn.co/image/ab67616100005174054361a8148cff752933f0e5,171505,5304241,792,"['post-hardcore', 'alternative rock', 'alternative', 'rock', 'american']","Too Close to Touch was an American alternative rock/post-hardcore band from Lexington, Kentucky, United States, formed in 2013. Both their debut EP, Too Close to Touch, and their debut full-length, Nerve Endings, were released through Epitaph. A year later, the band released their second full-length album,  Haven't Been Myself.
On March 26, 2022, it was announced that lead singer Keaton Pierce had passed away. To preserve his legacy, on March 8, 2024, the band released their third and final album For Keeps. <a href=""https://www.last.fm/music/Too+Close+To+Touch"">Read more on Last.fm</a>"
Orthodox,spotify:artist:0DkKBTgWxBnvYsOXDaoTVP,"['hardcore', 'metalcore', 'deathcore', 'mathcore']",4,46,2025-06-06,2017-05-26,47,38871,1,https://open.spotify.com/artist/0DkKBTgWxBnvYsOXDaoTVP,https://i.scdn.co/image/ab6761610000517435705606cf9ea237f04b7136,56632,1104611,0,"['doom metal', 'drone', 'experimental', 'drone doom', 'Doom']","There are multiple artists with this name:

1) Orthodox is a trio from Seville, Spain playing experimental doom metal, inspired by religious folklore and even jazz.

“We started with a concept”, could be read in the album cover of the seminal band Earth. The Spanish trio Orthodox could say the same. Their music, their performance, their artwork, everything is made in order to develop their own concept.

The band started in the winter of 2004/05 and the next April they recorded the two themes of Gran Poder <a href=""https://www.last.fm/music/Orthodox"">Read more on Last.fm</a>"
Motionless In White,spotify:artist:6MwPCCR936cYfM1dLsGVnl,"['metalcore', 'metal', 'screamo']",11,149,2023-09-08,2010-10-12,71,1922869,24,https://open.spotify.com/artist/6MwPCCR936cYfM1dLsGVnl,https://i.scdn.co/image/ab6761610000517458f2b24b02877506d74b612b,749006,47218350,801,"['metalcore', 'post-hardcore', 'screamo', 'hardcore', 'metal']","Motionless in White is an American heavy metal band from Scranton, Pennsylvania, formed in 2004. The current lineup includes lead vocalist Chris Cerulli, guitarists Ryan Sitkowski and Ricky Olson, drummer Vinny Mauro, and bassist Justin Morrow. Cerulli is the only remaining member of the original formation. The band’s name was inspired by the Eighteen Visions song ""Motionless and White.""

The band was initially signed to Fearless Records, under which they released their first three studio albums. <a href=""https://www.last.fm/music/Motionless+in+White"">Read more on Last.fm</a>"
Dayseeker,spotify:artist:5FjQVp1Lb0kltmwIuu5kfj,"['metalcore', 'post-hardcore']",8,100,2024-04-19,2013-10-29,66,420962,3,https://open.spotify.com/artist/5FjQVp1Lb0kltmwIuu5kfj,https://i.scdn.co/image/ab67616100005174af20d15e4327302d86a7f1ec,192692,10525196,10,"['post-hardcore', 'metalcore', 'seen live', 'metal', 'alternative rock']","Dayseeker is an American post-hardcore band from Orange County, California, formed in 2012. The band consists of vocalist Rory Rodriguez, guitarist Gino Sgambelluri, bassist Ramone Valerio and drummer Zac Mayfield. They are currently signed to Spinefarm Records and have released five studio albums. Their most recent studio album, Dark Sun, was released on November 4, 2022. <a href=""https://www.last.fm/music/Dayseeker"">Read more on Last.fm</a>"
Marina Viotti,spotify:artist:79i3gkVE8U1ff8X4TRX7y4,[],11,286,2025-01-24,2017-08-11,46,5744,1,https://open.spotify.com/artist/79i3gkVE8U1ff8X4TRX7y4,https://i.scdn.co/image/ab6761610000517475c48b7553a46a59c850c956,1855,12789,0,"['french', 'female vocalists']"," <a href=""https://www.last.fm/music/Marina+Viotti"">Read more on Last.fm</a>"
Spiritbox,spotify:artist:4MzJMcHQBl9SIYSjwWn8QW,"['metalcore', 'djent', 'metal']",2,23,2025-03-07,2021-09-17,69,929849,32,https://open.spotify.com/artist/4MzJMcHQBl9SIYSjwWn8QW,https://i.scdn.co/image/ab67616100005174501369c8b24b71bb2dcca603,427379,33719773,2716,"['metalcore', 'Progressive Metalcore', 'DJENT', 'Progressive metal', 'alternative metal']","Spiritbox is a Canadian alternative metal/djent band from Victoria, British Columbia, formed in 2017. Having toured the world as members of the eccentrically iconic metal band iwrestledabearonce, vocalist Courtney LaPlante (a member of IWABO since 2012) and guitarist Michael Stringer (a member since 2015) wanted to take their intensely personal and technical musical focus in a new creative and personal direction. This now-husband-and-wife team have worked extremely hard at incorporating Courtney’s sense of vocal style and lyrical quality <a href=""https://www.last.fm/music/SpiritBox"">Read more on Last.fm</a>"
South Arcade,spotify:artist:3vEL65ycUboLH76pgdtqlF,[],0,0,,,58,173009,1,https://open.spotify.com/artist/3vEL65ycUboLH76pgdtqlF,https://i.scdn.co/image/ab67616100005174a3cc22890d77df9674d930e8,132174,2586572,137,"['pop punk', 'rock', 'british', 'alternative rock', 'alternative']","South Arcade is an English alt-pop-rock band based in Oxford. Their line-up consists of Harmony Scott-Russell (Known professionally as Harmony Cavelle) as lead vocalist, Harry Winks as their guitarist, Ollie Green as their bassist, and Cody Jones as their drummer. 

 Their single [song]Danger[/song] has been picked up on Tik Tok and it has now streamed over 6 million times. <a href=""https://www.last.fm/music/South+Arcade"">Read more on Last.fm</a>"
If Not For Me,spotify:artist:5aqpMOXNPtkxwT7jWuE9Vd,['metalcore'],2,24,2024-03-29,2022-12-16,49,55741,5,https://open.spotify.com/artist/5aqpMOXNPtkxwT7jWuE9Vd,https://i.scdn.co/image/ab6761610000517471b30f75d49881d4caa01ad6,45494,731720,209,"['metalcore', 'post-hardcore', 'metal', 'seen live', 'american']","If Not for Me is an American metalcore band formed around 2015 in Harrisburg, Pennsylvania. It currently consists of: Patrick Glover (vocals), Hayden Calhoun (guitar), Zac Allen (bass) and Cody Frain (drums). <a href=""https://www.last.fm/music/If+Not+for+Me"">Read more on Last.fm</a>"
A Day To Remember,spotify:artist:4NiJW4q9ichVqL1aUsgGAN,"['metalcore', 'post-hardcore', 'pop punk', 'screamo', 'emo']",12,167,2025-03-21,2005-05-10,73,2492440,2,https://open.spotify.com/artist/4NiJW4q9ichVqL1aUsgGAN,https://i.scdn.co/image/ab676161000051746164f861e5e683c9067f4395,1749713,125283890,7,"['post-hardcore', 'hardcore', 'pop punk', 'screamo', 'emocore']","A Day to Remember is a post-hardcore band from Ocala, Florida, founded in 2003 by guitarist Tom Denney and drummer Bobby Scruggs. They are mainly known for their unusual amalgamation of metalcore and pop punk as a musical style, as well as playing other styles. The band consists of vocalist Jeremy McKinnon, rhythm guitarist and backing vocalist Neil Westfall, bassist Joshua Woodard, percussion and drummer Alex Shelnutt and lead guitarist Kevin Skaff. <a href=""https://www.last.fm/music/A+Day+to+Remember"">Read more on Last.fm</a>"
thrown,spotify:artist:5eBCPtU2iPbzuMRre9BePt,"['metalcore', 'deathcore']",1,11,2024-08-30,2024-08-30,57,193379,6,https://open.spotify.com/artist/5eBCPtU2iPbzuMRre9BePt,https://i.scdn.co/image/ab676161000051747e1dcf948c29845bf2b13789,208568,6231399,324,"['metalcore', 'doom metal', 'nu metalcore', 'hardcore', 'seen live']","1. Black/Heavy/Doom Metal from Sweden. They released a full length album, The Suicidal Kings Occult, in 2007.
Current line-up:
Crille Lundin - Bass (ex-Xenofanes, ex-Maze of Torment, Deceiver (Swe))
Pete Flesh - Vocals, Guitar, & Drums. (Deceiver (Swe), Flesh (Swe), ex-Maze of Torment)

2.Thrown is a four-piece rock band from Dallas.
http://www.myspace.com/getthrown

Find more at http://www.myspace.com/thrownbitch/

3. Drone And soundscape Hobby-act by Christoffer brobäck <a href=""https://www.last.fm/music/Thrown"">Read more on Last.fm</a>"
Fame on Fire,spotify:artist:10Z7WzKMeIdNBKexi1YarP,[],4,57,2024-09-06,2020-09-04,57,329660,1,https://open.spotify.com/artist/10Z7WzKMeIdNBKexi1YarP,https://i.scdn.co/image/ab67616100005174f41b86bb79483ddaad0aa8ed,175893,3957971,1,"['post-hardcore', 'alternative rock', 'metalcore', 'rock', 'alternative']","Formed in 2013 in the theme park capital of the world, Orlando, Florida, Fame on Fire started out as a solo drum cover project. Since then, the band has stuck to their roots covering top songs, but has since gained a few more members, as well as instruments.   The American pop rock band consists of vocalist Bryan Kuznitz, guitarist Blake Saul, bassist Paul Spirou, and drummer Alex Roman.   Traction was first sparked after the release of their cover “Hello” by Adele. <a href=""https://www.last.fm/music/Fame+On+Fire"">Read more on Last.fm</a>"
Holding Absence,spotify:artist:2tl280wIokrLjabzrSKTgU,"['metalcore', 'post-hardcore', 'melodic hardcore']",4,51,2023-08-25,2019-03-01,57,171531,2,https://open.spotify.com/artist/2tl280wIokrLjabzrSKTgU,https://i.scdn.co/image/ab67616100005174787bfd87f96c28c81612d104,214847,8165498,13,"['post-hardcore', 'seen live', 'alternative rock', 'emo', 'melodic hardcore']","Holding Absence is a rock band from Cardiff, Wales formed in 2015. The group consists of lead vocalist Lucas Woodland, guitarist Scott Carey, bassist Benjamin Elliot and drummer Ashley Green.

The band released an initial collection of singles in 2017, as well as a split EP with Loathe in 2018, before finally releasing their debut record, Holding Absence, in 2019. They are signed with SharpTone Records. In April 2021, they released their second album, 'The Greatest Mistake of My Life'. <a href=""https://www.last.fm/music/Holding+Absence"">Read more on Last.fm</a>"
Amira Elfeky,spotify:artist:6Z4kwq0LOaYQW2CqudoOIk,['shoegaze'],0,0,,,60,186217,2,https://open.spotify.com/artist/6Z4kwq0LOaYQW2CqudoOIk,https://i.scdn.co/image/ab67616100005174fa864e0486a9f921cd2ce40e,205251,3774758,22,"['Nu Metal', 'rock', 'alternative metal', 'female vocalists', 'metal']","Amira Lynne Elfeky is an American-Egyptian singer/songwriter based out of Los Angeles, California.

Amira, a Connecticut native, met producer/multi-instrumentalist, Brandon Iljas in 2017 by posting a “drummer wanted” ad. Together, they have crafted several tracks in Brandon’s DIY bedroom studio in San Francisco. Their production style combines the synth and guitar tones of lo-fi bedroom pop with modern vocals and boom bap style drums.

Having dealt with anxiety and depression for most of her life, Amira sought solace in music. <a href=""https://www.last.fm/music/Amira+Elfeky"">Read more on Last.fm</a>"
Caskets,spotify:artist:2XIbOWDT5vZPW7jNyzdfcK,"['metalcore', 'post-hardcore']",2,21,2023-08-11,2021-08-13,61,211293,6,https://open.spotify.com/artist/2XIbOWDT5vZPW7jNyzdfcK,https://i.scdn.co/image/ab67616100005174d1f782d80e77de33906e2819,234222,6909495,164,"['post-hardcore', 'metalcore', 'alternative rock', 'seen live', 'british']","Caskets, formed in 2018 under the name Captives, is a British post-hardcore band from Leeds, England.

The band was founded by bassist Christopher McIntosh, who played rhythm guitar at the time, Benji Wilson (lead guitar) and bassist Lee Horner, who together left their previous project Faultlines to pursue new projects. The band was completed with James Lazenby (drums) and Matthew Flood (vocals). Flood had previously played guitar and sang in the pop punk band Silhouettes. <a href=""https://www.last.fm/music/Caskets"">Read more on Last.fm</a>"
Rage Against The Machine,spotify:artist:2d0hyoQ5ynDBnkvAbJKORj,"['rap metal', 'rap rock', 'alternative metal', 'nu metal']",8,113,2022-07-15,1992,74,6710466,5,https://open.spotify.com/artist/2d0hyoQ5ynDBnkvAbJKORj,https://i.scdn.co/image/ab67616100005174da4bd2b213cae330e2a4a901,3849784,136648365,31,"['rock', 'alternative rock', 'alternative', 'political', 'metal']","Rage Against the Machine were an American rock band from Los Angeles, California. Formed in 1991, the group consisted of vocalist Zack de la Rocha, bassist and backing vocalist Tim Commerford, guitarist Tom Morello, and drummer Brad Wilk. Their songs express revolutionary left-wing political views. As of 2010, they had sold over 16 million records worldwide. In 2023, the band was inducted into the Rock and Roll Hall of Fame.

Rage Against the Machine released its eponymous debut album in 1992 to commercial and critical success <a href=""https://www.last.fm/music/Rage+Against+the+Machine"">Read more on Last.fm</a>"
